Workbook

Sheet Max capacities
B1: Baseline maximum capacities
D3: Total area (km2) | E3: Solar pv (MW) | F3: Wind (MW) | G3: Geothermal (MW)
C4: ATG | D4: 281 | E4: 370 | F4: 100 | G4: --
C5: BRB | D5: 432 | E5: 570 | F5: 150 | G5: --
C6: DMA | D6: 750 | E6: 1000 | F6: 300 | G6: 15
C7: GLP | D7: 1628 | E7: 2200 | F7: 600 | G7: 50
C8: GRD | D8: 349 | E8: 470 | F8: 120 | G8: 20
C9: LCA | D9: 617 | E9: 800 | F9: 200 | G9: 30
C10: MSR | D10: 102 | E10: 133 | F10: 30 | G10: 5
C11: MTQ | D11: 1128 | E11: 1500 | F11: 400 | G11: 50
C12: SKN | D12: 261 | E12: 350 | F12: 100 | G12: 30
C13: SVG | D13: 345 | E13: 460 | F13: 120 | G13: 15

Sheet 0. Current system
B1: Current system | E1: Extendable_baseline_final
B2: 45700
F3: lcoe | G3: 183 | H3: $/MWh
F4: Country
F5: ATG | G5: 202.11973
F6: BRB | G6: 184.54548
F7: DMA | G7: 128.86779
F8: GLP | G8: 171.72627
F9: GRD | G9: 201.66069
F10: LCA | G10: 201.48525
F11: MSR | G11: 191.2042
F12: MTQ | G12: 185.70412
F13: SKN | G13: 197.88513
F14: SVG | G14: 157.20649
B16: Capacity [MW]
B17: Technology | C17: biomass | D17: coal | E17: diesel | F17: geothermal | G17: hydro | H17: solar pv | I17: wind
B18: Country
B19: ATG | C19: NaN | D19: NaN | E19: 67.2 | F19: NaN | G19: NaN | H19: 6 | I19: 0
B20: BRB | C20: 0 | D20: NaN | E20: 186 | F20: NaN | G20: NaN | H20: 108 | I20: 0
B21: DMA | C21: NaN | D21: NaN | E21: 13.4 | F21: 0 | G21: 6.6 | H21: 0 | I21: 0
B22: GLP | C22: 3.7 | D22: 0 | E22: 262.8141 | F22: 14.7 | G22: 10.5 | H22: 70 | I22: 22.1
B23: GRD | C23: NaN | D23: NaN | E23: 40.2 | F23: 0 | G23: 0 | H23: 4 | I23: 0
B24: LCA | C24: NaN | D24: NaN | E24: 73 | F24: 0 | G24: NaN | H24: 8 | I24: 0
B25: MSR | C25: NaN | D25: NaN | E25: 2.54 | F25: 0 | G25: NaN | H25: 1 | I25: 0
B26: MTQ | C26: 41.4 | D26: NaN | E26: 233.381 | F26: 0 | G26: NaN | H26: 76.7 | I26: 13
B27: SKN | C27: NaN | D27: NaN | E27: 40.9465 | F27: 0 | G27: NaN | H27: 1.5 | I27: 2.2
B28: SVG | C28: NaN | D28: NaN | E28: 22.3376 | F28: 0 | G28: 5.6 | H28: 1.8 | I28: 0
B29: Generation [GWh] | J29: solar pv fraction | K29: wind fraction | L29: CO2 emissions [ktCO2]
B30: Technology | C30: biomass | D30: coal | E30: diesel | F30: geothermal | G30: hydro | H30: solar pv | I30: wind
B31: Country
B32: ATG | C32: NaN | D32: NaN | E32: 426.32025 | F32: NaN | G32: NaN | H32: 10.695792 | I32: 0 | J32: =H32/(SUM($C32:$I32)) -> 0.024474598 | K32: =I32/(SUM($C32:$I32)) -> 0 | L32: =E32*$E$57 -> 281.37136
B33: BRB | C33: 0 | D33: NaN | E33: 1011.1778 | F33: NaN | G33: NaN | H33: 190.74431 | I33: 0 | J33: =H33/(SUM($C33:$I33)) -> 0.15869939 | K33: =I33/(SUM($C33:$I33)) -> 0 | L33: =E33*$E$57 -> 667.37734
B34: DMA | C34: NaN | D34: NaN | E34: 69.6649 | F34: 0 | G34: 57.816 | H34: 0 | I34: 0 | J34: =H34/(SUM($C34:$I34)) -> 0 | K34: =I34/(SUM($C34:$I34)) -> 0 | L34: =E34*$E$57 -> 45.978834
B35: GLP | C35: 32.412 | D35: 0 | E35: 1524.4082 | F35: 128.772 | G35: 91.98 | H35: 124.5307 | I35: 101.06732 | J35: =H35/(SUM($C35:$I35)) -> 0.062166809 | K35: =I35/(SUM($C35:$I35)) -> 0.050453687 | L35: =E35*$E$57 -> 1006.1094
B36: GRD | C36: NaN | D36: NaN | E36: 257.13632 | F36: 0 | G36: 0 | H36: 6.88238 | I36: 0 | J36: =H36/(SUM($C36:$I36)) -> 0.026067775 | K36: =I36/(SUM($C36:$I36)) -> 0 | L36: =E36*$E$57 -> 169.70997
B37: LCA | C37: NaN | D37: NaN | E37: 459.27306 | F37: 0 | G37: NaN | H37: 14.166344 | I37: 0 | J37: =H37/(SUM($C37:$I37)) -> 0.029922191 | K37: =I37/(SUM($C37:$I37)) -> 0 | L37: =E37*$E$57 -> 303.12022
B38: MSR | C38: NaN | D38: NaN | E38: 14.612479 | F38: 0 | G38: NaN | H38: 1.778041 | I38: 0 | J38: =H38/(SUM($C38:$I38)) -> 0.10847984 | K38: =I38/(SUM($C38:$I38)) -> 0 | L38: =E38*$E$57 -> 9.6442361
B39: MTQ | C39: 362.664 | D39: NaN | E39: 1257.4897 | F39: 0 | G39: NaN | H39: 136.52347 | I39: 64.396124 | J39: =H39/(SUM($C39:$I39)) -> 0.074968684 | K39: =I39/(SUM($C39:$I39)) -> 0.035361632 | L39: =E39*$E$57 -> 829.94321
B40: SKN | C40: NaN | D40: NaN | E40: 260.98489 | F40: 0 | G40: NaN | H40: 2.657442 | I40: 9.540513 | J40: =H40/(SUM($C40:$I40)) -> 0.0097277044 | K40: =I40/(SUM($C40:$I40)) -> 0.034923543 | L40: =E40*$E$57 -> 172.25003
B41: SVG | C41: NaN | D41: NaN | E41: 129.89017 | F41: 0 | G41: 49.056 | H41: 3.170434 | I41: 0 | J41: =H41/(SUM($C41:$I41)) -> 0.017408814 | K41: =I41/(SUM($C41:$I41)) -> 0 | L41: =E41*$E$57 -> 85.72751
B43: ATG | C43: =C32/(C19*8.76) -> #VALUE! | D43: =D32/(D19*8.76) -> #VALUE! | E43: =E32/(E19*8.76) -> 0.72420677 | F43: =F32/(F19*8.76) -> #VALUE! | G43: =G32/(G19*8.76) -> #VALUE! | H43: =H32/(H19*8.76) -> 0.2034968 | I43: =I32/(I19*8.76) -> #DIV/0!
B44: BRB | C44: =C33/(C20*8.76) -> #DIV/0! | D44: =D33/(D20*8.76) -> #VALUE! | E44: =E33/(E20*8.76) -> 0.62059814 | F44: =F33/(F20*8.76) -> #VALUE! | G44: =G33/(G20*8.76) -> #VALUE! | H44: =H33/(H20*8.76) -> 0.20161541 | I44: =I33/(I20*8.76) -> #DIV/0!
B45: DMA | C45: =C34/(C21*8.76) -> #VALUE! | D45: =D34/(D21*8.76) -> #VALUE! | E45: =E34/(E21*8.76) -> 0.59347867 | F45: =F34/(F21*8.76) -> #DIV/0! | G45: =G34/(G21*8.76) -> 1 | H45: =H34/(H21*8.76) -> #DIV/0! | I45: =I34/(I21*8.76) -> #DIV/0!
B46: GLP | C46: =C35/(C22*8.76) -> 1 | D46: =D35/(D22*8.76) -> #DIV/0! | E46: =E35/(E22*8.76) -> 0.66213798 | F46: =F35/(F22*8.76) -> 1 | G46: =G35/(G22*8.76) -> 1 | H46: =H35/(H22*8.76) -> 0.20308333 | I46: =I35/(I22*8.76) -> 0.52205274
B47: GRD | C47: =C36/(C23*8.76) -> #VALUE! | D47: =D36/(D23*8.76) -> #VALUE! | E47: =E36/(E23*8.76) -> 0.7301856 | F47: =F36/(F23*8.76) -> #DIV/0! | G47: =G36/(G23*8.76) -> #DIV/0! | H47: =H36/(H23*8.76) -> 0.19641495 | I47: =I36/(I23*8.76) -> #DIV/0!
B48: LCA | C48: =C37/(C24*8.76) -> #VALUE! | D48: =D37/(D24*8.76) -> #VALUE! | E48: =E37/(E24*8.76) -> 0.71819769 | F48: =F37/(F24*8.76) -> #DIV/0! | G48: =G37/(G24*8.76) -> #VALUE! | H48: =H37/(H24*8.76) -> 0.20214532 | I48: =I37/(I24*8.76) -> #DIV/0!
B49: MSR | C49: =C38/(C25*8.76) -> #VALUE! | D49: =D38/(D25*8.76) -> #VALUE! | E49: =E38/(E25*8.76) -> 0.65672882 | F49: =F38/(F25*8.76) -> #DIV/0! | G49: =G38/(G25*8.76) -> #VALUE! | H49: =H38/(H25*8.76) -> 0.20297272 | I49: =I38/(I25*8.76) -> #DIV/0!
B50: MTQ | C50: =C39/(C26*8.76) -> 1 | D50: =D39/(D26*8.76) -> #VALUE! | E50: =E39/(E26*8.76) -> 0.61508458 | F50: =F39/(F26*8.76) -> #DIV/0! | G50: =G39/(G26*8.76) -> #VALUE! | H50: =H39/(H26*8.76) -> 0.20319258 | I50: =I39/(I26*8.76) -> 0.56547352
B51: SKN | C51: =C40/(C27*8.76) -> #VALUE! | D51: =D40/(D27*8.76) -> #VALUE! | E51: =E40/(E27*8.76) -> 0.727603 | F51: =F40/(F27*8.76) -> #DIV/0! | G51: =G40/(G27*8.76) -> #VALUE! | H51: =H40/(H27*8.76) -> 0.20224064 | I51: =I40/(I27*8.76) -> 0.4950453
B52: SVG | C52: =C41/(C28*8.76) -> #VALUE! | D52: =D41/(D28*8.76) -> #VALUE! | E52: =E41/(E28*8.76) -> 0.66379757 | F52: =F41/(F28*8.76) -> #DIV/0! | G52: =G41/(G28*8.76) -> 1 | H52: =H41/(H28*8.76) -> 0.20106761 | I52: =I41/(I28*8.76) -> #DIV/0!
D54: Total | E54: =SUM(C32:I41) -> 6799.8106 | F54: GWh
D55: Diesel | E55: =SUM(E32:E41) -> 5410.9577 | F55: GWh
D56: Fraction | E56: =E55/E54 -> 0.79575124
D57: Assuming | E57: 0.66 | F57: ktCO2/GWh
D58: Emissions | E58: =E55*E57 -> 3571.2321 | F58: ktCO2
D59: Overall emissions factor | E59: =E58/E54 -> 0.52519582 | F59: tCO2/MWh

Sheet 1. Diesel, no storage
B1: Baseline | G1: Extendable_newbaseline_higher-geothermal-cost_must-run-VRE_max-geo | P1: Less solar and wind available | V1: Extendable_half-wind-solar-cap | W1: Higher geothermal cost as baseline | AD1: Higher fuel cost | AI1: Extendable_newbaseline_higher-geothermal-cost_must-run-VRE_max-geo_high-fuel | AR1: Lower VRE | AY1: Extendable_quarter-wind-solar-cap
B2: 45904 | C2: Use new baseline with "double" solar and wind | J2: Must-run VRE | P2: 04.09.2025 | X2: Must-run VRE | AD2: 04.09.2025 | AE2: Baseline solar and wind | AL2: Must-run VRE | AR2: 45904 | AS2: Baseline solar and wind | AZ2: Must-run VRE
C3: Higher geothermal cost as baseline | F3: LCOE, region | G3: 118.9 | H3: =(G3-'0. Current system'!$G3)/'0. Current system'!$G3 -> -0.35027322 | J3: Max 90% geothermal | Q3: Higher geothermal cost as baseline | T3: LCOE, region | U3: 122 | V3: =(U3-'0. Current system'!$G3)/'0. Current system'!$G3 -> -0.33333333 | W3: =(U3-$G3)/$G3 -> 0.02607233 | X3: Max 90% geothermal | AE3: Higher geothermal cost as baseline | AH3: LCOE, region | AI3: 135.9 | AJ3: =(AI3-'0. Current system'!$G3)/'0. Current system'!$G3 -> -0.25737705 | AK3: =(AI3-$G3)/$G3 -> 0.14297729 | AL3: Max 90% geothermal | AS3: Higher geothermal cost as baseline | AV3: LCOE, region | AW3: 130 | AX3: $/MWh | AY3: =(AW3-$G3)/$G3 -> 0.093355761 | AZ3: Max 90% geothermal
B4: 1.1 | C4: Take as a new baseline | F4: Country | G4: $/MWh | H4: compared to current system | P4: 1.2 | T4: Country | U4: $/MWh | V4: compared to current system | W4: compared to base | AD4: 1.3 | AH4: Country | AI4: $/MWh | AJ4: compared to current system | AK4: compared to base | AR4: 1.4 | AV4: Country | AX4: compared to current system | AY4: compared to base
F5: ATG | G5: 137.31785 | H5: =(G5-'0. Current system'!$G5)/'0. Current system'!$G5 -> -0.32061137 | L5: =G5*L32 -> 60010.101 | Q5: Half wind and solar max cap | T5: ATG | U5: 137.31785 | V5: =(U5-'0. Current system'!$G5)/'0. Current system'!$G5 -> -0.32061137 | W5: =(U5-$G5)/$G5 -> 0 | Z5: =U5*Z32 -> 60010.101 | AE5: Higher fuel cost | AH5: ATG | AI5: 171.26236 | AJ5: =(AI5-'0. Current system'!$G5)/'0. Current system'!$G5 -> -0.15266879 | AK5: =(AI5-$G5)/$G5 -> 0.24719664 | AN5: =AI5*AN32 -> 74844.396 | AS5: Quarter base VRE max cap | AV5: ATG | AW5: 154.26797 | AX5: =(AW5-'0. Current system'!$G5)/'0. Current system'!$G5 -> -0.23674958 | AY5: =(AW5-$G5)/$G5 -> 0.12343715 | BB5: =AW5*BB32 -> 67417.576
F6: BRB | G6: 123.74759 | H6: =(G6-'0. Current system'!$G6)/'0. Current system'!$G6 -> -0.32944666 | L6: =G6*L33 -> 148734.96 | T6: BRB | U6: 141.49195 | V6: =(U6-'0. Current system'!$G6)/'0. Current system'!$G6 -> -0.23329497 | W6: =(U6-$G6)/$G6 -> 0.14339156 | Z6: =U6*Z33 -> 170062.3 | AH6: BRB | AI6: 149.29863 | AJ6: =(AI6-'0. Current system'!$G6)/'0. Current system'!$G6 -> -0.19099277 | AK6: =(AI6-$G6)/$G6 -> 0.20647707 | AN6: =AI6*AN33 -> 179445.32 | AV6: BRB | AW6: 164.25792 | AX6: =(AW6-'0. Current system'!$G6)/'0. Current system'!$G6 -> -0.10993258 | AY6: =(AW6-$G6)/$G6 -> 0.3273626 | BB6: =AW6*BB33 -> 197425.22
F7: DMA | G7: 111.5797 | H7: =(G7-'0. Current system'!$G7)/'0. Current system'!$G7 -> -0.1341537 | L7: =G7*L34 -> 14224.281 | T7: DMA | U7: 111.5797 | V7: =(U7-'0. Current system'!$G7)/'0. Current system'!$G7 -> -0.1341537 | W7: =(U7-$G7)/$G7 -> 0 | Z7: =U7*Z34 -> 14224.281 | AH7: DMA | AI7: 111.5797 | AJ7: =(AI7-'0. Current system'!$G7)/'0. Current system'!$G7 -> -0.1341537 | AK7: =(AI7-$G7)/$G7 -> 0 | AN7: =AI7*AN34 -> 14224.281 | AV7: DMA | AW7: 111.5797 | AX7: =(AW7-'0. Current system'!$G7)/'0. Current system'!$G7 -> -0.1341537 | AY7: =(AW7-$G7)/$G7 -> 0 | BB7: =AW7*BB34 -> 14224.281
F8: GLP | G8: 116.77275 | H8: =(G8-'0. Current system'!$G8)/'0. Current system'!$G8 -> -0.3200065 | L8: =G8*L35 -> 233915.69 | T8: GLP | U8: 116.77275 | V8: =(U8-'0. Current system'!$G8)/'0. Current system'!$G8 -> -0.3200065 | W8: =(U8-$G8)/$G8 -> 0 | Z8: =U8*Z35 -> 233915.69 | AH8: GLP | AI8: 135.72326 | AJ8: =(AI8-'0. Current system'!$G8)/'0. Current system'!$G8 -> -0.20965348 | AK8: =(AI8-$G8)/$G8 -> 0.16228541 | AN8: =AI8*AN35 -> 271876.79 | AV8: GLP | AW8: 118.11769 | AX8: =(AW8-'0. Current system'!$G8)/'0. Current system'!$G8 -> -0.31217463 | AY8: =(AW8-$G8)/$G8 -> 0.011517576 | BB8: =AW8*BB35 -> 236609.83
F9: GRD | G9: 119.17108 | H9: =(G9-'0. Current system'!$G9)/'0. Current system'!$G9 -> -0.4090515 | L9: =G9*L36 -> 31463.394 | T9: GRD | U9: 119.17108 | V9: =(U9-'0. Current system'!$G9)/'0. Current system'!$G9 -> -0.4090515 | W9: =(U9-$G9)/$G9 -> 0 | Z9: =U9*Z36 -> 31463.394 | AH9: GRD | AI9: 129.77785 | AJ9: =(AI9-'0. Current system'!$G9)/'0. Current system'!$G9 -> -0.35645438 | AK9: =(AI9-$G9)/$G9 -> 0.089004572 | AN9: =AI9*AN36 -> 34263.78 | AV9: GRD | AW9: 119.17108 | AX9: =(AW9-'0. Current system'!$G9)/'0. Current system'!$G9 -> -0.4090515 | AY9: =(AW9-$G9)/$G9 -> 0 | BB9: =AW9*BB36 -> 31463.394
F10: LCA | G10: 118.58893 | H10: =(G10-'0. Current system'!$G10)/'0. Current system'!$G10 -> -0.41142627 | L10: =G10*L37 -> 56144.671 | T10: LCA | U10: 118.58893 | V10: =(U10-'0. Current system'!$G10)/'0. Current system'!$G10 -> -0.41142627 | W10: =(U10-$G10)/$G10 -> 0 | Z10: =U10*Z37 -> 56144.671 | AH10: LCA | AI10: 131.63982 | AJ10: =(AI10-'0. Current system'!$G10)/'0. Current system'!$G10 -> -0.34665285 | AK10: =(AI10-$G10)/$G10 -> 0.1100515 | AN10: =AI10*AN37 -> 62323.476 | AV10: LCA | AW10: 118.58893 | AX10: =(AW10-'0. Current system'!$G10)/'0. Current system'!$G10 -> -0.41142627 | AY10: =(AW10-$G10)/$G10 -> 0 | BB10: =AW10*BB37 -> 56144.671
F11: MSR | G11: 129.22201 | H11: =(G11-'0. Current system'!$G11)/'0. Current system'!$G11 -> -0.32416752 | L11: =G11*L38 -> 2118.0158 | T11: MSR | U11: 129.22201 | V11: =(U11-'0. Current system'!$G11)/'0. Current system'!$G11 -> -0.32416752 | W11: =(U11-$G11)/$G11 -> 0 | Z11: =U11*Z38 -> 2118.0159 | AH11: MSR | AI11: 138.70593 | AJ11: =(AI11-'0. Current system'!$G11)/'0. Current system'!$G11 -> -0.27456653 | AK11: =(AI11-$G11)/$G11 -> 0.073392427 | AN11: =AI11*AN38 -> 2273.4624 | AV11: MSR | AW11: 129.22201 | AX11: =(AW11-'0. Current system'!$G11)/'0. Current system'!$G11 -> -0.32416752 | AY11: =(AW11-$G11)/$G11 -> 0 | BB11: =AW11*BB38 -> 2118.0158
F12: MTQ | G12: 118.7525 | H12: =(G12-'0. Current system'!$G12)/'0. Current system'!$G12 -> -0.36052846 | L12: =G12*L39 -> 216257.01 | T12: MTQ | U12: 118.7525 | V12: =(U12-'0. Current system'!$G12)/'0. Current system'!$G12 -> -0.36052846 | W12: =(U12-$G12)/$G12 -> 0 | Z12: =U12*Z39 -> 216257.01 | AH12: MTQ | AI12: 130.63453 | AJ12: =(AI12-'0. Current system'!$G12)/'0. Current system'!$G12 -> -0.29654483 | AK12: =(AI12-$G12)/$G12 -> 0.10005704 | AN12: =AI12*AN39 -> 237895.05 | AV12: MTQ | AW12: 126.82448 | AX12: =(AW12-'0. Current system'!$G12)/'0. Current system'!$G12 -> -0.31706157 | AY12: =(AW12-$G12)/$G12 -> 0.067973145 | BB12: =AW12*BB39 -> 230956.68
F13: SKN | G13: 122.1881 | H13: =(G13-'0. Current system'!$G13)/'0. Current system'!$G13 -> -0.38253015 | L13: =G13*L40 -> 33379.693 | T13: SKN | U13: 122.1881 | V13: =(U13-'0. Current system'!$G13)/'0. Current system'!$G13 -> -0.38253015 | W13: =(U13-$G13)/$G13 -> 0 | Z13: =U13*Z40 -> 33379.693 | AH13: SKN | AI13: 127.13747 | AJ13: =(AI13-'0. Current system'!$G13)/'0. Current system'!$G13 -> -0.35751882 | AK13: =(AI13-$G13)/$G13 -> 0.040506154 | AN13: =AI13*AN40 -> 34731.776 | AV13: SKN | AW13: 122.1881 | AX13: =(AW13-'0. Current system'!$G13)/'0. Current system'!$G13 -> -0.38253015 | AY13: =(AW13-$G13)/$G13 -> 0 | BB13: =AW13*BB40 -> 33379.693
F14: SVG | G14: 65.909488 | H14: =(G14-'0. Current system'!$G14)/'0. Current system'!$G14 -> -0.58074575 | L14: =G14*L41 -> 12003.212 | T14: SVG | U14: 65.909488 | V14: =(U14-'0. Current system'!$G14)/'0. Current system'!$G14 -> -0.58074575 | W14: =(U14-$G14)/$G14 -> 0 | Z14: =U14*Z41 -> 12003.212 | AH14: SVG | AI14: 65.909488 | AJ14: =(AI14-'0. Current system'!$G14)/'0. Current system'!$G14 -> -0.58074575 | AK14: =(AI14-$G14)/$G14 -> 0 | AN14: =AI14*AN41 -> 12003.212 | AV14: SVG | AW14: 65.909488 | AX14: =(AW14-'0. Current system'!$G14)/'0. Current system'!$G14 -> -0.58074575 | AY14: =(AW14-$G14)/$G14 -> 0 | BB14: =AW14*BB41 -> 12003.212
B16: Capacity [MW] | L16: =SUM(L5:L14)/SUM(L32:L41) -> 118.86376 | P16: Capacity [MW] | Z16: =SUM(Z5:Z14)/SUM(Z32:Z41) -> 122.00022 | AD16: Capacity [MW] | AN16: =SUM(AN5:AN14)/SUM(AN32:AN41) -> 135.86872 | AR16: Capacity [MW] | BB16: =SUM(BB5:BB14)/SUM(BB32:BB41) -> 129.67164
B17: Technology | C17: biomass | D17: coal | E17: diesel | F17: geothermal | G17: hydro | H17: solar pv | I17: wind | J17: Frac of max solar | K17: Frac of max wind | P17: Technology | Q17: biomass | R17: coal | S17: diesel | T17: geothermal | U17: hydro | V17: solar pv | W17: wind | X17: Frac of max solar | Y17: Frac of max wind | AD17: Technology | AE17: biomass | AF17: coal | AG17: diesel | AH17: geothermal | AI17: hydro | AJ17: solar pv | AK17: wind | AL17: Frac of max solar | AM17: Frac of max wind | AR17: Technology | AS17: biomass | AT17: coal | AU17: diesel | AV17: geothermal | AW17: hydro | AX17: solar pv | AY17: wind | AZ17: Frac of max solar | BA17: Frac of max wind
B18: Country | P18: Country | AD18: Country | AR18: Country
B19: ATG | C19: NaN | D19: NaN | E19: 62.896125 | F19: NaN | G19: NaN | H19: 17.814974 | I19: 43.468814 | J19: =H19/('Max capacities'!$E4) -> 0.048148578 | K19: =I19/('Max capacities'!$F4) -> 0.43468814 | P19: ATG | Q19: NaN | R19: NaN | S19: 62.896125 | T19: NaN | U19: NaN | V19: 17.814974 | W19: 43.468814 | X19: =V19/('Max capacities'!$E4) -> 0.048148578 | Y19: =W19/('Max capacities'!$F4) -> 0.43468814 | AD19: ATG | AE19: NaN | AF19: NaN | AG19: 62.896125 | AH19: NaN | AI19: NaN | AJ19: 17.814974 | AK19: 43.468814 | AL19: =AJ19/('Max capacities'!$E4) -> 0.048148578 | AM19: =AK19/('Max capacities'!$F4) -> 0.43468814 | AR19: ATG | AS19: NaN | AT19: NaN | AU19: 62.97 | AV19: NaN | AW19: NaN | AX19: 44.530178 | AY19: 25 | AZ19: =AX19/('Max capacities'!$E4) -> 0.12035183 | BA19: =AY19/('Max capacities'!$F4) -> 0.25
B20: BRB | C20: 10 | D20: NaN | E20: 154.58444 | F20: NaN | G20: NaN | H20: 67 | I20: 113.38184 | J20: =H20/('Max capacities'!$E5) -> 0.11754386 | K20: =I20/('Max capacities'!$F5) -> 0.75587892 | P20: BRB | Q20: 10 | R20: NaN | S20: 156.35 | T20: NaN | U20: NaN | V20: 116.61952 | W20: 75 | X20: =V20/('Max capacities'!$E5) -> 0.20459565 | Y20: =W20/('Max capacities'!$F5) -> 0.5 | AD20: BRB | AE20: 10 | AF20: NaN | AG20: 154.58444 | AH20: NaN | AI20: NaN | AJ20: 67 | AK20: 113.38184 | AL20: =AJ20/('Max capacities'!$E5) -> 0.11754386 | AM20: =AK20/('Max capacities'!$F5) -> 0.75587892 | AR20: BRB | AS20: 10 | AT20: NaN | AU20: 162.32 | AV20: NaN | AW20: NaN | AX20: 142 | AY20: 38 | AZ20: =AX20/('Max capacities'!$E5) -> 0.24912281 | BA20: =AY20/('Max capacities'!$F5) -> 0.25333333
B21: DMA | C21: NaN | D21: NaN | E21: 0 | F21: 15 | G21: 6.6 | H21: 0 | I21: 0 | J21: =H21/('Max capacities'!$E6) -> 0 | K21: =I21/('Max capacities'!$F6) -> 0 | P21: DMA | Q21: NaN | R21: NaN | S21: 0 | T21: 15 | U21: 6.6 | V21: 0 | W21: 0 | X21: =V21/('Max capacities'!$E6) -> 0 | Y21: =W21/('Max capacities'!$F6) -> 0 | AD21: DMA | AE21: NaN | AF21: NaN | AG21: 0 | AH21: 15 | AI21: 6.6 | AJ21: 0 | AK21: 0 | AL21: =AJ21/('Max capacities'!$E6) -> 0 | AM21: =AK21/('Max capacities'!$F6) -> 0 | AR21: DMA | AS21: NaN | AT21: NaN | AU21: 0 | AV21: 15 | AW21: 6.6 | AX21: 0 | AY21: 0 | AZ21: =AX21/('Max capacities'!$E6) -> 0 | BA21: =AY21/('Max capacities'!$F6) -> 0
B22: GLP | C22: 10 | D22: 0 | E22: 214.4999 | F22: 50 | G22: 15 | H22: 82.014955 | I22: 158.34192 | J22: =H22/('Max capacities'!$E7) -> 0.037279525 | K22: =I22/('Max capacities'!$F7) -> 0.26390319 | P22: GLP | Q22: 10 | R22: 0 | S22: 214.4999 | T22: 50 | U22: 15 | V22: 82.014955 | W22: 158.34192 | X22: =V22/('Max capacities'!$E7) -> 0.037279525 | Y22: =W22/('Max capacities'!$F7) -> 0.26390319 | AD22: GLP | AE22: 10 | AF22: 0 | AG22: 214.4999 | AH22: 50 | AI22: 15 | AJ22: 82.014955 | AK22: 158.34192 | AL22: =AJ22/('Max capacities'!$E7) -> 0.037279525 | AM22: =AK22/('Max capacities'!$F7) -> 0.26390319 | AR22: GLP | AS22: 10 | AT22: 0 | AU22: 214.6 | AV22: 50 | AW22: 15 | AX22: 95.652174 | AY22: 150 | AZ22: =AX22/('Max capacities'!$E7) -> 0.043478261 | BA22: =AY22/('Max capacities'!$F7) -> 0.25
B23: GRD | C23: NaN | D23: NaN | E23: 21.092327 | F23: 18.319054 | G23: 0 | H23: 9.951496 | I23: 12.659537 | J23: =H23/('Max capacities'!$E8) -> 0.021173396 | K23: =I23/('Max capacities'!$F8) -> 0.10549614 | P23: GRD | Q23: NaN | R23: NaN | S23: 21.092327 | T23: 18.319054 | U23: 0 | V23: 9.951496 | W23: 12.659537 | X23: =V23/('Max capacities'!$E8) -> 0.021173396 | Y23: =W23/('Max capacities'!$F8) -> 0.10549614 | AD23: GRD | AE23: NaN | AF23: NaN | AG23: 19.860388 | AH23: 20 | AI23: 0 | AJ23: 9.738624 | AK23: 11.302476 | AL23: =AJ23/('Max capacities'!$E8) -> 0.020720477 | AM23: =AK23/('Max capacities'!$F8) -> 0.0941873 | AR23: GRD | AS23: NaN | AT23: NaN | AU23: 21.092327 | AV23: 18.319054 | AW23: 0 | AX23: 9.951496 | AY23: 12.659537 | AZ23: =AX23/('Max capacities'!$E8) -> 0.021173396 | BA23: =AY23/('Max capacities'!$F8) -> 0.10549614
B24: LCA | C24: NaN | D24: NaN | E24: 41.370048 | F24: 30 | G24: NaN | H24: 16.999887 | I24: 25.026767 | J24: =H24/('Max capacities'!$E9) -> 0.021249859 | K24: =I24/('Max capacities'!$F9) -> 0.12513383 | P24: LCA | Q24: NaN | R24: NaN | S24: 41.370048 | T24: 30 | U24: NaN | V24: 16.999887 | W24: 25.026767 | X24: =V24/('Max capacities'!$E9) -> 0.021249859 | Y24: =W24/('Max capacities'!$F9) -> 0.12513383 | AD24: LCA | AE24: NaN | AF24: NaN | AG24: 41.370048 | AH24: 30 | AI24: NaN | AJ24: 16.999887 | AK24: 25.026767 | AL24: =AJ24/('Max capacities'!$E9) -> 0.021249859 | AM24: =AK24/('Max capacities'!$F9) -> 0.12513383 | AR24: LCA | AS24: NaN | AT24: NaN | AU24: 41.370048 | AV24: 30 | AW24: NaN | AX24: 16.999887 | AY24: 25.026767 | AZ24: =AX24/('Max capacities'!$E9) -> 0.021249859 | BA24: =AY24/('Max capacities'!$F9) -> 0.12513383
B25: MSR | C25: NaN | D25: NaN | E25: 1.09128 | F25: 1.5 | G25: NaN | H25: 1 | I25: 0.159483 | J25: =H25/('Max capacities'!$E10) -> 0.007518797 | K25: =I25/('Max capacities'!$F10) -> 0.0053161 | P25: MSR | Q25: NaN | R25: NaN | S25: 1.09128 | T25: 1.5 | U25: NaN | V25: 1 | W25: 0.159483 | X25: =V25/('Max capacities'!$E10) -> 0.007518797 | Y25: =W25/('Max capacities'!$F10) -> 0.0053161 | AD25: MSR | AE25: NaN | AF25: NaN | AG25: 1.075469 | AH25: 1.539554 | AI25: NaN | AJ25: 1 | AK25: 0.127515 | AL25: =AJ25/('Max capacities'!$E10) -> 0.007518797 | AM25: =AK25/('Max capacities'!$F10) -> 0.0042505 | AR25: MSR | AS25: NaN | AT25: NaN | AU25: 1.09128 | AV25: 1.5 | AW25: NaN | AX25: 1 | AY25: 0.159483 | AZ25: =AX25/('Max capacities'!$E10) -> 0.007518797 | BA25: =AY25/('Max capacities'!$F10) -> 0.0053161
B26: MTQ | C26: 41.4 | D26: NaN | E26: 167.81872 | F26: 50 | G26: NaN | H26: 76.7 | I26: 135.25136 | J26: =H26/('Max capacities'!$E11) -> 0.051133333 | K26: =I26/('Max capacities'!$F11) -> 0.33812839 | P26: MTQ | Q26: 41.4 | R26: NaN | S26: 167.81872 | T26: 50 | U26: NaN | V26: 76.7 | W26: 135.25136 | X26: =V26/('Max capacities'!$E11) -> 0.051133333 | Y26: =W26/('Max capacities'!$F11) -> 0.33812839 | AD26: MTQ | AE26: 41.4 | AF26: NaN | AG26: 167.81872 | AH26: 50 | AI26: NaN | AJ26: 76.7 | AK26: 135.25136 | AL26: =AJ26/('Max capacities'!$E11) -> 0.051133333 | AM26: =AK26/('Max capacities'!$F11) -> 0.33812839 | AR26: MTQ | AS26: 41.4 | AT26: NaN | AU26: 168.7 | AV26: 50 | AW26: NaN | AX26: 135.32986 | AY26: 100 | AZ26: =AX26/('Max capacities'!$E11) -> 0.090219907 | BA26: =AY26/('Max capacities'!$F11) -> 0.25
B27: SKN | C27: NaN | D27: NaN | E27: 14.878027 | F27: 27.002192 | G27: NaN | H27: 8.675649 | I27: 6.5685 | J27: =H27/('Max capacities'!$E12) -> 0.024787569 | K27: =I27/('Max capacities'!$F12) -> 0.065685 | P27: SKN | Q27: NaN | R27: NaN | S27: 14.878027 | T27: 27.002192 | U27: NaN | V27: 8.675649 | W27: 6.5685 | X27: =V27/('Max capacities'!$E12) -> 0.024787569 | Y27: =W27/('Max capacities'!$F12) -> 0.065685 | AD27: SKN | AE27: NaN | AF27: NaN | AG27: 12.18 | AH27: 30 | AI27: NaN | AJ27: 8.466227 | AK27: 4.264857 | AL27: =AJ27/('Max capacities'!$E12) -> 0.02418922 | AM27: =AK27/('Max capacities'!$F12) -> 0.04264857 | AR27: SKN | AS27: NaN | AT27: NaN | AU27: 14.878027 | AV27: 27.002192 | AW27: NaN | AX27: 8.675649 | AY27: 6.5685 | AZ27: =AX27/('Max capacities'!$E12) -> 0.024787569 | BA27: =AY27/('Max capacities'!$F12) -> 0.065685
B28: SVG | C28: NaN | D28: NaN | E28: 17.024109 | F28: 0 | G28: 8 | H28: 7.015679 | I28: 18.903088 | J28: =H28/('Max capacities'!$E13) -> 0.015251476 | K28: =I28/('Max capacities'!$F13) -> 0.15752573 | P28: SVG | Q28: NaN | R28: NaN | S28: 17.024109 | T28: 0 | U28: 8 | V28: 7.015679 | W28: 18.903088 | X28: =V28/('Max capacities'!$E13) -> 0.015251476 | Y28: =W28/('Max capacities'!$F13) -> 0.15752573 | AD28: SVG | AE28: NaN | AF28: NaN | AG28: 17.024109 | AH28: 0 | AI28: 8 | AJ28: 7.015679 | AK28: 18.903088 | AL28: =AJ28/('Max capacities'!$E13) -> 0.015251476 | AM28: =AK28/('Max capacities'!$F13) -> 0.15752573 | AR28: SVG | AS28: NaN | AT28: NaN | AU28: 17.024109 | AV28: 0 | AW28: 8 | AX28: 7.015679 | AY28: 18.903088 | AZ28: =AX28/('Max capacities'!$E13) -> 0.015251476 | BA28: =AY28/('Max capacities'!$F13) -> 0.15752573
B29: Generation [GWh] | J29: solar pv fraction | K29: wind fraction | L29: total generation | M29: CO2 emissions [ktCO2] | N29: Cost of CO2 reduction [$/tCO2] | P29: Generation [GWh] | X29: solar pv fraction | Y29: wind fraction | Z29: total generation | AA29: CO2 emissions [ktCO2] | AB29: Cost of CO2 reduction [$/tCO2] | AD29: Generation [GWh] | AL29: solar pv fraction | AM29: wind fraction | AN29: total generation | AO29: CO2 emissions [ktCO2] | AP29: Cost of CO2 reduction [$/tCO2] | AR29: Generation [GWh] | AZ29: solar pv fraction | BA29: wind fraction | BB29: total generation | BC29: CO2 emissions [ktCO2] | BD29: Cost of CO2 reduction [$/tCO2]
B30: Technology | C30: biomass | D30: coal | E30: diesel | F30: geothermal | G30: hydro | H30: solar pv | I30: wind | P30: Technology | Q30: biomass | R30: coal | S30: diesel | T30: geothermal | U30: hydro | V30: solar pv | W30: wind | AD30: Technology | AE30: biomass | AF30: coal | AG30: diesel | AH30: geothermal | AI30: hydro | AJ30: solar pv | AK30: wind | AR30: Technology | AS30: biomass | AT30: coal | AU30: diesel | AV30: geothermal | AW30: hydro | AX30: solar pv | AY30: wind
B31: Country | P31: Country | AD31: Country | AR31: Country
B32: ATG | C32: NaN | D32: NaN | E32: 211.91851 | F32: NaN | G32: NaN | H32: 31.586643 | I32: 193.51089 | J32: =H32/(SUM(C32:I32)) -> 0.072277995 | K32: =I32/(SUM(C32:I32)) -> 0.44280043 | L32: =SUM(C32:I32) -> 437.01604 | M32: =E32*$E$57 -> 139.86621 | N32: =-(G5-'0. Current system'!$G5)*SUM(C32:I32)/(M32-'0. Current system'!$L32) -> -200.13026 | P32: ATG | Q32: NaN | R32: NaN | S32: 211.91851 | T32: NaN | U32: NaN | V32: 31.586643 | W32: 193.51089 | X32: =V32/(SUM(Q32:W32)) -> 0.072277995 | Y32: =W32/(SUM(Q32:W32)) -> 0.44280043 | Z32: =SUM(Q32:W32) -> 437.01604 | AA32: =S32*$E$57 -> 139.86621 | AB32: =-(U5-'0. Current system'!$G5)*SUM(Q32:W32)/(AA32-'0. Current system'!$L32) -> -200.13026 | AD32: ATG | AE32: NaN | AF32: NaN | AG32: 211.91851 | AH32: NaN | AI32: NaN | AJ32: 31.586643 | AK32: 193.51089 | AL32: =AJ32/(SUM(AE32:AK32)) -> 0.072277995 | AM32: =AK32/(SUM(AE32:AK32)) -> 0.44280043 | AN32: =SUM(AE32:AK32) -> 437.01604 | AO32: =AG32*$E$57 -> 139.86621 | AP32: =-(AI5-'0. Current system'!$G5)*SUM(AE32:AK32)/(AO32-'0. Current system'!$L32) -> -95.298068 | AR32: ATG | AS32: NaN | AT32: NaN | AU32: 246.53861 | AV32: NaN | AW32: NaN | AX32: 78.917462 | AY32: 111.55996 | AZ32: =AX32/(SUM(AS32:AY32)) -> 0.18058253 | BA32: =AY32/(SUM(AS32:AY32)) -> 0.25527659 | BB32: =SUM(AS32:AY32) -> 437.01604 | BC32: =AU32*$E$57 -> 162.71549 | BD32: =-(AW5-'0. Current system'!$G5)*SUM(AS32:AY32)/(BC32-'0. Current system'!$L32) -> -176.24063
B33: BRB | C33: 84.42099 | D33: NaN | E33: 438.71941 | F33: NaN | G33: NaN | H33: 118.20689 | I33: 560.57482 | J33: =H33/(SUM(C33:I33)) -> 0.098348209 | K33: =I33/(SUM(C33:I33)) -> 0.46639863 | L33: =SUM(C33:I33) -> 1201.9221 | M33: =E33*$E$57 -> 289.55481 | N33: =-(G6-'0. Current system'!$G6)*SUM(C33:I33)/(M33-'0. Current system'!$L33) -> -193.40914 | P33: BRB | Q33: 85.130658 | R33: NaN | S33: 540.50327 | T33: NaN | U33: NaN | V33: 205.54118 | W33: 370.747 | X33: =V33/(SUM(Q33:W33)) -> 0.1710104 | Y33: =W33/(SUM(Q33:W33)) -> 0.30846175 | Z33: =SUM(Q33:W33) -> 1201.9221 | AA33: =S33*$E$57 -> 356.73216 | AB33: =-(U6-'0. Current system'!$G6)*SUM(Q33:W33)/(AA33-'0. Current system'!$L33) -> -166.57909 | AD33: BRB | AE33: 84.42099 | AF33: NaN | AG33: 438.71941 | AH33: NaN | AI33: NaN | AJ33: 118.208 | AK33: 560.57371 | AL33: =AJ33/(SUM(AE33:AK33)) -> 0.098349133 | AM33: =AK33/(SUM(AE33:AK33)) -> 0.4663977 | AN33: =SUM(AE33:AK33) -> 1201.9221 | AO33: =AG33*$E$57 -> 289.55481 | AP33: =-(AI6-'0. Current system'!$G6)*SUM(AE33:AK33)/(AO33-'0. Current system'!$L33) -> -112.12664 | AR33: BRB | AS33: 86.458586 | AT33: NaN | AU33: 676.58671 | AV33: NaN | AW33: NaN | AX33: 250.66751 | AY33: 188.20929 | AZ33: =AX33/(SUM(AS33:AY33)) -> 0.20855554 | BA33: =AY33/(SUM(AS33:AY33)) -> 0.15659025 | BB33: =SUM(AS33:AY33) -> 1201.9221 | BC33: =AU33*$E$57 -> 446.54723 | BD33: =-(AW6-'0. Current system'!$G6)*SUM(AS33:AY33)/(BC33-'0. Current system'!$L33) -> -110.42003
B34: DMA | C34: NaN | D34: NaN | E34: 0 | F34: 82.7372 | G34: 44.7437 | H34: 0 | I34: 0 | J34: =H34/(SUM(C34:I34)) -> 0 | K34: =I34/(SUM(C34:I34)) -> 0 | L34: =SUM(C34:I34) -> 127.4809 | M34: =E34*$E$57 -> 0 | N34: =-(G7-'0. Current system'!$G7)*SUM(C34:I34)/(M34-'0. Current system'!$L34) -> -47.932955 | P34: DMA | Q34: NaN | R34: NaN | S34: 0 | T34: 82.7372 | U34: 44.7437 | V34: 0 | W34: 0 | X34: =V34/(SUM(Q34:W34)) -> 0 | Y34: =W34/(SUM(Q34:W34)) -> 0 | Z34: =SUM(Q34:W34) -> 127.4809 | AA34: =S34*$E$57 -> 0 | AB34: =-(U7-'0. Current system'!$G7)*SUM(Q34:W34)/(AA34-'0. Current system'!$L34) -> -47.932955 | AD34: DMA | AE34: NaN | AF34: NaN | AG34: 0 | AH34: 82.7372 | AI34: 44.7437 | AJ34: 0 | AK34: 0 | AL34: =AJ34/(SUM(AE34:AK34)) -> 0 | AM34: =AK34/(SUM(AE34:AK34)) -> 0 | AN34: =SUM(AE34:AK34) -> 127.4809 | AO34: =AG34*$E$57 -> 0 | AP34: =-(AI7-'0. Current system'!$G7)*SUM(AE34:AK34)/(AO34-'0. Current system'!$L34) -> -47.932955 | AR34: DMA | AS34: NaN | AT34: NaN | AU34: 0 | AV34: 82.7372 | AW34: 44.7437 | AX34: 0 | AY34: 0 | AZ34: =AX34/(SUM(AS34:AY34)) -> 0 | BA34: =AY34/(SUM(AS34:AY34)) -> 0 | BB34: =SUM(AS34:AY34) -> 127.4809 | BC34: =AU34*$E$57 -> 0 | BD34: =-(AW7-'0. Current system'!$G7)*SUM(AS34:AY34)/(BC34-'0. Current system'!$L34) -> -47.932955
B35: GLP | C35: 78.661453 | D35: 0 | E35: 542.30147 | F35: 386.64283 | G35: 127.69013 | H35: 145.39126 | I35: 722.48306 | J35: =H35/(SUM(C35:I35)) -> 0.072580583 | K35: =I35/(SUM(C35:I35)) -> 0.36066983 | L35: =SUM(C35:I35) -> 2003.1702 | M35: =E35*$E$57 -> 357.91897 | N35: =-(G8-'0. Current system'!$G8)*SUM(C35:I35)/(M35-'0. Current system'!$L35) -> -169.82858 | P35: GLP | Q35: 78.661453 | R35: 0 | S35: 542.30147 | T35: 386.64283 | U35: 127.69013 | V35: 145.38849 | W35: 722.48582 | X35: =V35/(SUM(Q35:W35)) -> 0.072579201 | Y35: =W35/(SUM(Q35:W35)) -> 0.36067121 | Z35: =SUM(Q35:W35) -> 2003.1702 | AA35: =S35*$E$57 -> 357.91897 | AB35: =-(U8-'0. Current system'!$G8)*SUM(Q35:W35)/(AA35-'0. Current system'!$L35) -> -169.82858 | AD35: GLP | AE35: 78.661453 | AF35: 0 | AG35: 542.30147 | AH35: 386.64283 | AI35: 127.69013 | AJ35: 145.39126 | AK35: 722.48306 | AL35: =AJ35/(SUM(AE35:AK35)) -> 0.072580583 | AM35: =AK35/(SUM(AE35:AK35)) -> 0.36066983 | AN35: =SUM(AE35:AK35) -> 2003.1702 | AO35: =AG35*$E$57 -> 357.91897 | AP35: =-(AI8-'0. Current system'!$G8)*SUM(AE35:AK35)/(AO35-'0. Current system'!$L35) -> -111.26384 | AR35: GLP | AS35: 79.807239 | AT35: 0 | AU35: 553.08234 | AV35: 387.6632 | AW35: 128.14704 | AX35: 169.60338 | AY35: 684.86701 | AZ35: =AX35/(SUM(AS35:AY35)) -> 0.084667482 | BA35: =AY35/(SUM(AS35:AY35)) -> 0.34189157 | BB35: =SUM(AS35:AY35) -> 2003.1702 | BC35: =AU35*$E$57 -> 365.03434 | BD35: =-(AW8-'0. Current system'!$G8)*SUM(AS35:AY35)/(BC35-'0. Current system'!$L35) -> -167.51099
B36: GRD | C36: NaN | D36: NaN | E36: 45.268473 | F36: 140.52001 | G36: 0 | H36: 17.093386 | I36: 61.136835 | J36: =H36/(SUM(C36:I36)) -> 0.064743088 | K36: =I36/(SUM(C36:I36)) -> 0.23156252 | L36: =SUM(C36:I36) -> 264.0187 | M36: =E36*$E$57 -> 29.877192 | N36: =-(G9-'0. Current system'!$G9)*SUM(C36:I36)/(M36-'0. Current system'!$L36) -> -155.74888 | P36: GRD | Q36: NaN | R36: NaN | S36: 45.268473 | T36: 140.52001 | U36: 0 | V36: 17.095086 | W36: 61.135135 | X36: =V36/(SUM(Q36:W36)) -> 0.064749527 | Y36: =W36/(SUM(Q36:W36)) -> 0.23155608 | Z36: =SUM(Q36:W36) -> 264.0187 | AA36: =S36*$E$57 -> 29.877192 | AB36: =-(U9-'0. Current system'!$G9)*SUM(Q36:W36)/(AA36-'0. Current system'!$L36) -> -155.74888 | AD36: GRD | AE36: NaN | AF36: NaN | AG36: 39.783247 | AH36: 152.90993 | AI36: 0 | AJ36: 16.729766 | AK36: 54.595752 | AL36: =AJ36/(SUM(AE36:AK36)) -> 0.063365837 | AM36: =AK36/(SUM(AE36:AK36)) -> 0.20678744 | AN36: =SUM(AE36:AK36) -> 264.0187 | AO36: =AG36*$E$57 -> 26.256943 | AP36: =-(AI9-'0. Current system'!$G9)*SUM(AE36:AK36)/(AO36-'0. Current system'!$L36) -> -132.29705 | AR36: GRD | AS36: NaN | AT36: NaN | AU36: 45.268473 | AV36: 140.52001 | AW36: 0 | AX36: 17.093372 | AY36: 61.13685 | AZ36: =AX36/(SUM(AS36:AY36)) -> 0.064743035 | BA36: =AY36/(SUM(AS36:AY36)) -> 0.23156257 | BB36: =SUM(AS36:AY36) -> 264.0187 | BC36: =AU36*$E$57 -> 29.877192 | BD36: =-(AW9-'0. Current system'!$G9)*SUM(AS36:AY36)/(BC36-'0. Current system'!$L36) -> -155.74888
B37: LCA | C37: NaN | D37: NaN | E37: 88.268638 | F37: 230.60054 | G37: NaN | H37: 30.029614 | I37: 124.54061 | J37: =H37/(SUM(C37:I37)) -> 0.063428633 | K37: =I37/(SUM(C37:I37)) -> 0.26305502 | L37: =SUM(C37:I37) -> 473.4394 | M37: =E37*$E$57 -> 58.257301 | N37: =-(G10-'0. Current system'!$G10)*SUM(C37:I37)/(M37-'0. Current system'!$L37) -> -160.27901 | P37: LCA | Q37: NaN | R37: NaN | S37: 88.268638 | T37: 230.60054 | U37: NaN | V37: 30.030317 | W37: 124.53991 | X37: =V37/(SUM(Q37:W37)) -> 0.063430118 | Y37: =W37/(SUM(Q37:W37)) -> 0.26305353 | Z37: =SUM(Q37:W37) -> 473.4394 | AA37: =S37*$E$57 -> 58.257301 | AB37: =-(U10-'0. Current system'!$G10)*SUM(Q37:W37)/(AA37-'0. Current system'!$L37) -> -160.27901 | AD37: LCA | AE37: NaN | AF37: NaN | AG37: 88.268638 | AH37: 230.60054 | AI37: NaN | AJ37: 30.029944 | AK37: 124.54028 | AL37: =AJ37/(SUM(AE37:AK37)) -> 0.06342933 | AM37: =AK37/(SUM(AE37:AK37)) -> 0.26305432 | AN37: =SUM(AE37:AK37) -> 473.4394 | AO37: =AG37*$E$57 -> 58.257301 | AP37: =-(AI10-'0. Current system'!$G10)*SUM(AE37:AK37)/(AO37-'0. Current system'!$L37) -> -135.04528 | AR37: LCA | AS37: NaN | AT37: NaN | AU37: 88.268638 | AV37: 230.60054 | AW37: NaN | AX37: 30.02049 | AY37: 124.54973 | AZ37: =AX37/(SUM(AS37:AY37)) -> 0.063409361 | BA37: =AY37/(SUM(AS37:AY37)) -> 0.26307429 | BB37: =SUM(AS37:AY37) -> 473.4394 | BC37: =AU37*$E$57 -> 58.257301 | BD37: =-(AW10-'0. Current system'!$G10)*SUM(AS37:AY37)/(BC37-'0. Current system'!$L37) -> -160.27901
B38: MSR | C38: NaN | D38: NaN | E38: 2.348794 | F38: 11.556343 | G38: NaN | H38: 1.775371 | I38: 0.710011 | J38: =H38/(SUM(C38:I38)) -> 0.10831695 | K38: =I38/(SUM(C38:I38)) -> 0.043318396 | L38: =SUM(C38:I38) -> 16.390519 | M38: =E38*$E$57 -> 1.550204 | N38: =-(G11-'0. Current system'!$G11)*SUM(C38:I38)/(M38-'0. Current system'!$L38) -> -125.51474 | P38: MSR | Q38: NaN | R38: NaN | S38: 2.348794 | T38: 11.556343 | U38: NaN | V38: 1.775361 | W38: 0.710022 | X38: =V38/(SUM(Q38:W38)) -> 0.10831633 | Y38: =W38/(SUM(Q38:W38)) -> 0.043319065 | Z38: =SUM(Q38:W38) -> 16.39052 | AA38: =S38*$E$57 -> 1.550204 | AB38: =-(U11-'0. Current system'!$G11)*SUM(Q38:W38)/(AA38-'0. Current system'!$L38) -> -125.51474 | AD38: MSR | AE38: NaN | AF38: NaN | AG38: 2.208068 | AH38: 11.839939 | AI38: NaN | AJ38: 1.774854 | AK38: 0.56766 | AL38: =AJ38/(SUM(AE38:AK38)) -> 0.10828539 | AM38: =AK38/(SUM(AE38:AK38)) -> 0.034633432 | AN38: =SUM(AE38:AK38) -> 16.390521 | AO38: =AG38*$E$57 -> 1.4573249 | AP38: =-(AI11-'0. Current system'!$G11)*SUM(AE38:AK38)/(AO38-'0. Current system'!$L38) -> -105.10363 | AR38: MSR | AS38: NaN | AT38: NaN | AU38: 2.348794 | AV38: 11.556343 | AW38: NaN | AX38: 1.775358 | AY38: 0.710024 | AZ38: =AX38/(SUM(AS38:AY38)) -> 0.10831616 | BA38: =AY38/(SUM(AS38:AY38)) -> 0.04331919 | BB38: =SUM(AS38:AY38) -> 16.390519 | BC38: =AU38*$E$57 -> 1.550204 | BD38: =-(AW11-'0. Current system'!$G11)*SUM(AS38:AY38)/(BC38-'0. Current system'!$L38) -> -125.51474
B39: MTQ | C39: 315.85131 | D39: NaN | E39: 309.11482 | F39: 390.82113 | G39: NaN | H39: 136.11284 | I39: 669.1732 | J39: =H39/(SUM(C39:I39)) -> 0.074743197 | K39: =I39/(SUM(C39:I39)) -> 0.36746088 | L39: =SUM(C39:I39) -> 1821.0733 | M39: =E39*$E$57 -> 204.01578 | N39: =-(G12-'0. Current system'!$G12)*SUM(C39:I39)/(M39-'0. Current system'!$L39) -> -194.78905 | P39: MTQ | Q39: 315.85131 | R39: NaN | S39: 309.11482 | T39: 390.82113 | U39: NaN | V39: 136.07818 | W39: 669.20786 | X39: =V39/(SUM(Q39:W39)) -> 0.074724162 | Y39: =W39/(SUM(Q39:W39)) -> 0.36747991 | Z39: =SUM(Q39:W39) -> 1821.0733 | AA39: =S39*$E$57 -> 204.01578 | AB39: =-(U12-'0. Current system'!$G12)*SUM(Q39:W39)/(AA39-'0. Current system'!$L39) -> -194.78905 | AD39: MTQ | AE39: 315.85131 | AF39: NaN | AG39: 309.11482 | AH39: 390.82113 | AI39: NaN | AJ39: 136.11789 | AK39: 669.16815 | AL39: =AJ39/(SUM(AE39:AK39)) -> 0.074745969 | AM39: =AK39/(SUM(AE39:AK39)) -> 0.36745811 | AN39: =SUM(AE39:AK39) -> 1821.0733 | AO39: =AG39*$E$57 -> 204.01578 | AP39: =-(AI12-'0. Current system'!$G12)*SUM(AE39:AK39)/(AO39-'0. Current system'!$L39) -> -160.21949 | AR39: MTQ | AS39: 330.9495 | AT39: NaN | AU39: 363.6755 | AV39: 391.59759 | AW39: NaN | AX39: 239.98416 | AY39: 494.86656 | AZ39: =AX39/(SUM(AS39:AY39)) -> 0.13178171 | BA39: =AY39/(SUM(AS39:AY39)) -> 0.27174445 | BB39: =SUM(AS39:AY39) -> 1821.0733 | BC39: =AU39*$E$57 -> 240.02583 | BD39: =-(AW12-'0. Current system'!$G12)*SUM(AS39:AY39)/(BC39-'0. Current system'!$L39) -> -181.76128
B40: SKN | C40: NaN | D40: NaN | E40: 25.726569 | F40: 203.63075 | G40: NaN | H40: 15.364318 | I40: 28.461207 | J40: =H40/(SUM(C40:I40)) -> 0.056241884 | K40: =I40/(SUM(C40:I40)) -> 0.10418373 | L40: =SUM(C40:I40) -> 273.18285 | M40: =E40*$E$57 -> 16.979536 | N40: =-(G13-'0. Current system'!$G13)*SUM(C40:I40)/(M40-'0. Current system'!$L40) -> -133.18132 | P40: SKN | Q40: NaN | R40: NaN | S40: 25.726569 | T40: 203.63075 | U40: NaN | V40: 15.363413 | W40: 28.462113 | X40: =V40/(SUM(Q40:W40)) -> 0.056238571 | Y40: =W40/(SUM(Q40:W40)) -> 0.10418704 | Z40: =SUM(Q40:W40) -> 273.18285 | AA40: =S40*$E$57 -> 16.979536 | AB40: =-(U13-'0. Current system'!$G13)*SUM(Q40:W40)/(AA40-'0. Current system'!$L40) -> -133.18132 | AD40: SKN | AE40: NaN | AF40: NaN | AG40: 17.240653 | AH40: 222.46514 | AI40: NaN | AJ40: 14.993953 | AK40: 18.483101 | AL40: =AJ40/(SUM(AE40:AK40)) -> 0.054886143 | AM40: =AK40/(SUM(AE40:AK40)) -> 0.06765835 | AN40: =SUM(AE40:AK40) -> 273.18285 | AO40: =AG40*$E$57 -> 11.378831 | AP40: =-(AI13-'0. Current system'!$G13)*SUM(AE40:AK40)/(AO40-'0. Current system'!$L40) -> -120.13988 | AR40: SKN | AS40: NaN | AT40: NaN | AU40: 25.726569 | AV40: 203.63075 | AW40: NaN | AX40: 15.361233 | AY40: 28.464292 | AZ40: =AX40/(SUM(AS40:AY40)) -> 0.056230591 | BA40: =AY40/(SUM(AS40:AY40)) -> 0.10419502 | BB40: =SUM(AS40:AY40) -> 273.18285 | BC40: =AU40*$E$57 -> 16.979536 | BD40: =-(AW13-'0. Current system'!$G13)*SUM(AS40:AY40)/(BC40-'0. Current system'!$L40) -> -133.18132
B41: SVG | C41: NaN | D41: NaN | E41: 23.199607 | F41: 0 | G41: 56.161992 | H41: 12.324951 | I41: 90.43005 | J41: =H41/(SUM(C41:I41)) -> 0.067676154 | K41: =I41/(SUM(C41:I41)) -> 0.49655029 | L41: =SUM(C41:I41) -> 182.1166 | M41: =E41*$E$57 -> 15.311741 | N41: =-(G14-'0. Current system'!$G14)*SUM(C41:I41)/(M41-'0. Current system'!$L41) -> -236.12181 | P41: SVG | Q41: NaN | R41: NaN | S41: 23.199607 | T41: 0 | U41: 56.161992 | V41: 12.329741 | W41: 90.42526 | X41: =V41/(SUM(Q41:W41)) -> 0.067702455 | Y41: =W41/(SUM(Q41:W41)) -> 0.49652399 | Z41: =SUM(Q41:W41) -> 182.1166 | AA41: =S41*$E$57 -> 15.311741 | AB41: =-(U14-'0. Current system'!$G14)*SUM(Q41:W41)/(AA41-'0. Current system'!$L41) -> -236.12181 | AD41: SVG | AE41: NaN | AF41: NaN | AG41: 23.199607 | AH41: 0 | AI41: 56.161992 | AJ41: 12.324951 | AK41: 90.43005 | AL41: =AJ41/(SUM(AE41:AK41)) -> 0.067676154 | AM41: =AK41/(SUM(AE41:AK41)) -> 0.49655029 | AN41: =SUM(AE41:AK41) -> 182.1166 | AO41: =AG41*$E$57 -> 15.311741 | AP41: =-(AI14-'0. Current system'!$G14)*SUM(AE41:AK41)/(AO41-'0. Current system'!$L41) -> -236.12181 | AR41: SVG | AS41: NaN | AT41: NaN | AU41: 23.199607 | AV41: 0 | AW41: 56.161992 | AX41: 12.334706 | AY41: 90.420294 | AZ41: =AX41/(SUM(AS41:AY41)) -> 0.067729719 | BA41: =AY41/(SUM(AS41:AY41)) -> 0.49649672 | BB41: =SUM(AS41:AY41) -> 182.1166 | BC41: =AU41*$E$57 -> 15.311741 | BD41: =-(AW14-'0. Current system'!$G14)*SUM(AS41:AY41)/(BC41-'0. Current system'!$L41) -> -236.12181
B43: ATG | C43: =C32/(C19*8.76) -> #VALUE! | D43: =D32/(D19*8.76) -> #VALUE! | E43: =E32/(E19*8.76) -> 0.38462799 | F43: =F32/(F19*8.76) -> #VALUE! | G43: =G32/(G19*8.76) -> #VALUE! | H43: =H32/(H19*8.76) -> 0.20240171 | I43: =I32/(I19*8.76) -> 0.50818696 | P43: ATG | Q43: =Q32/(Q19*8.76) -> #VALUE! | R43: =R32/(R19*8.76) -> #VALUE! | S43: =S32/(S19*8.76) -> 0.38462799 | T43: =T32/(T19*8.76) -> #VALUE! | U43: =U32/(U19*8.76) -> #VALUE! | V43: =V32/(V19*8.76) -> 0.20240171 | W43: =W32/(W19*8.76) -> 0.50818696 | AD43: ATG | AE43: =AE32/(AE19*8.76) -> #VALUE! | AF43: =AF32/(AF19*8.76) -> #VALUE! | AG43: =AG32/(AG19*8.76) -> 0.38462799 | AH43: =AH32/(AH19*8.76) -> #VALUE! | AI43: =AI32/(AI19*8.76) -> #VALUE! | AJ43: =AJ32/(AJ19*8.76) -> 0.20240171 | AK43: =AK32/(AK19*8.76) -> 0.50818696 | AR43: ATG | AS43: =AS32/(AS19*8.76) -> #VALUE! | AT43: =AT32/(AT19*8.76) -> #VALUE! | AU43: =AU32/(AU19*8.76) -> 0.44693787 | AV43: =AV32/(AV19*8.76) -> #VALUE! | AW43: =AW32/(AW19*8.76) -> #VALUE! | AX43: =AX32/(AX19*8.76) -> 0.20230871 | AY43: =AY32/(AY19*8.76) -> 0.50940623
B44: BRB | C44: =C33/(C20*8.76) -> 0.96370993 | D44: =D33/(D20*8.76) -> #VALUE! | E44: =E33/(E20*8.76) -> 0.32397909 | F44: =F33/(F20*8.76) -> #VALUE! | G44: =G33/(G20*8.76) -> #VALUE! | H44: =H33/(H20*8.76) -> 0.20140204 | I44: =I33/(I20*8.76) -> 0.56439867 | P44: BRB | Q44: =Q33/(Q20*8.76) -> 0.97181116 | R44: =R33/(R20*8.76) -> #VALUE! | S44: =S33/(S20*8.76) -> 0.39463567 | T44: =T33/(T20*8.76) -> #VALUE! | U44: =U33/(U20*8.76) -> #VALUE! | V44: =V33/(V20*8.76) -> 0.20119792 | W44: =W33/(W20*8.76) -> 0.56430289 | AD44: BRB | AE44: =AE33/(AE20*8.76) -> 0.96370993 | AF44: =AF33/(AF20*8.76) -> #VALUE! | AG44: =AG33/(AG20*8.76) -> 0.32397909 | AH44: =AH33/(AH20*8.76) -> #VALUE! | AI44: =AI33/(AI20*8.76) -> #VALUE! | AJ44: =AJ33/(AJ20*8.76) -> 0.20140393 | AK44: =AK33/(AK20*8.76) -> 0.56439756 | AR44: BRB | AS44: =AS33/(AS20*8.76) -> 0.98697016 | AT44: =AT33/(AT20*8.76) -> #VALUE! | AU44: =AU33/(AU20*8.76) -> 0.47582507 | AV44: =AV33/(AV20*8.76) -> #VALUE! | AW44: =AW33/(AW20*8.76) -> #VALUE! | AX44: =AX33/(AX20*8.76) -> 0.20151418 | AY44: =AY33/(AY20*8.76) -> 0.5653968
B45: DMA | C45: =C34/(C21*8.76) -> #VALUE! | D45: =D34/(D21*8.76) -> #VALUE! | E45: =E34/(E21*8.76) -> #DIV/0! | F45: =F34/(F21*8.76) -> 0.62965906 | G45: =G34/(G21*8.76) -> 0.77389823 | H45: =H34/(H21*8.76) -> #DIV/0! | I45: =I34/(I21*8.76) -> #DIV/0! | P45: DMA | Q45: =Q34/(Q21*8.76) -> #VALUE! | R45: =R34/(R21*8.76) -> #VALUE! | S45: =S34/(S21*8.76) -> #DIV/0! | T45: =T34/(T21*8.76) -> 0.62965906 | U45: =U34/(U21*8.76) -> 0.77389823 | V45: =V34/(V21*8.76) -> #DIV/0! | W45: =W34/(W21*8.76) -> #DIV/0! | AD45: DMA | AE45: =AE34/(AE21*8.76) -> #VALUE! | AF45: =AF34/(AF21*8.76) -> #VALUE! | AG45: =AG34/(AG21*8.76) -> #DIV/0! | AH45: =AH34/(AH21*8.76) -> 0.62965906 | AI45: =AI34/(AI21*8.76) -> 0.77389823 | AJ45: =AJ34/(AJ21*8.76) -> #DIV/0! | AK45: =AK34/(AK21*8.76) -> #DIV/0! | AR45: DMA | AS45: =AS34/(AS21*8.76) -> #VALUE! | AT45: =AT34/(AT21*8.76) -> #VALUE! | AU45: =AU34/(AU21*8.76) -> #DIV/0! | AV45: =AV34/(AV21*8.76) -> 0.62965906 | AW45: =AW34/(AW21*8.76) -> 0.77389823 | AX45: =AX34/(AX21*8.76) -> #DIV/0! | AY45: =AY34/(AY21*8.76) -> #DIV/0!
B46: GLP | C46: =C35/(C22*8.76) -> 0.89796179 | D46: =D35/(D22*8.76) -> #DIV/0! | E46: =E35/(E22*8.76) -> 0.28860881 | F46: =F35/(F22*8.76) -> 0.88274619 | G46: =G35/(G22*8.76) -> 0.97176661 | H46: =H35/(H22*8.76) -> 0.20236768 | I46: =I35/(I22*8.76) -> 0.52086798 | P46: GLP | Q46: =Q35/(Q22*8.76) -> 0.89796179 | R46: =R35/(R22*8.76) -> #DIV/0! | S46: =S35/(S22*8.76) -> 0.28860881 | T46: =T35/(T22*8.76) -> 0.88274619 | U46: =U35/(U22*8.76) -> 0.97176661 | V46: =V35/(V22*8.76) -> 0.20236382 | W46: =W35/(W22*8.76) -> 0.52086998 | AD46: GLP | AE46: =AE35/(AE22*8.76) -> 0.89796179 | AF46: =AF35/(AF22*8.76) -> #DIV/0! | AG46: =AG35/(AG22*8.76) -> 0.28860881 | AH46: =AH35/(AH22*8.76) -> 0.88274619 | AI46: =AI35/(AI22*8.76) -> 0.97176661 | AJ46: =AJ35/(AJ22*8.76) -> 0.20236768 | AK46: =AK35/(AK22*8.76) -> 0.52086798 | AR46: GLP | AS46: =AS35/(AS22*8.76) -> 0.91104154 | AT46: =AT35/(AT22*8.76) -> #DIV/0! | AU46: =AU35/(AU22*8.76) -> 0.29420901 | AV46: =AV35/(AV22*8.76) -> 0.88507581 | AW46: =AW35/(AW22*8.76) -> 0.97524381 | AX46: =AX35/(AX22*8.76) -> 0.20241167 | AY46: =AY35/(AY22*8.76) -> 0.52120777
B47: GRD | C47: =C36/(C23*8.76) -> #VALUE! | D47: =D36/(D23*8.76) -> #VALUE! | E47: =E36/(E23*8.76) -> 0.24500065 | F47: =F36/(F23*8.76) -> 0.87565092 | G47: =G36/(G23*8.76) -> #DIV/0! | H47: =H36/(H23*8.76) -> 0.19608105 | I47: =I36/(I23*8.76) -> 0.55129115 | P47: GRD | Q47: =Q36/(Q23*8.76) -> #VALUE! | R47: =R36/(R23*8.76) -> #VALUE! | S47: =S36/(S23*8.76) -> 0.24500065 | T47: =T36/(T23*8.76) -> 0.87565092 | U47: =U36/(U23*8.76) -> #DIV/0! | V47: =V36/(V23*8.76) -> 0.19610055 | W47: =W36/(W23*8.76) -> 0.55127582 | AD47: GRD | AE47: =AE36/(AE23*8.76) -> #VALUE! | AF47: =AF36/(AF23*8.76) -> #VALUE! | AG47: =AG36/(AG23*8.76) -> 0.22866958 | AH47: =AH36/(AH23*8.76) -> 0.8727736 | AI47: =AI36/(AI23*8.76) -> #DIV/0! | AJ47: =AJ36/(AJ23*8.76) -> 0.19610477 | AK47: =AK36/(AK23*8.76) -> 0.55141827 | AR47: GRD | AS47: =AS36/(AS23*8.76) -> #VALUE! | AT47: =AT36/(AT23*8.76) -> #VALUE! | AU47: =AU36/(AU23*8.76) -> 0.24500065 | AV47: =AV36/(AV23*8.76) -> 0.87565092 | AW47: =AW36/(AW23*8.76) -> #DIV/0! | AX47: =AX36/(AX23*8.76) -> 0.19608089 | AY47: =AY36/(AY23*8.76) -> 0.55129129
B48: LCA | C48: =C37/(C24*8.76) -> #VALUE! | D48: =D37/(D24*8.76) -> #VALUE! | E48: =E37/(E24*8.76) -> 0.24356579 | F48: =F37/(F24*8.76) -> 0.87747541 | G48: =G37/(G24*8.76) -> #VALUE! | H48: =H37/(H24*8.76) -> 0.20165064 | I48: =I37/(I24*8.76) -> 0.56807036 | P48: LCA | Q48: =Q37/(Q24*8.76) -> #VALUE! | R48: =R37/(R24*8.76) -> #VALUE! | S48: =S37/(S24*8.76) -> 0.24356579 | T48: =T37/(T24*8.76) -> 0.87747541 | U48: =U37/(U24*8.76) -> #VALUE! | V48: =V37/(V24*8.76) -> 0.20165536 | W48: =W37/(W24*8.76) -> 0.56806716 | AD48: LCA | AE48: =AE37/(AE24*8.76) -> #VALUE! | AF48: =AF37/(AF24*8.76) -> #VALUE! | AG48: =AG37/(AG24*8.76) -> 0.24356579 | AH48: =AH37/(AH24*8.76) -> 0.87747541 | AI48: =AI37/(AI24*8.76) -> #VALUE! | AJ48: =AJ37/(AJ24*8.76) -> 0.20165286 | AK48: =AK37/(AK24*8.76) -> 0.56806886 | AR48: LCA | AS48: =AS37/(AS24*8.76) -> #VALUE! | AT48: =AT37/(AT24*8.76) -> #VALUE! | AU48: =AU37/(AU24*8.76) -> 0.24356579 | AV48: =AV37/(AV24*8.76) -> 0.87747541 | AW48: =AW37/(AW24*8.76) -> #VALUE! | AX48: =AX37/(AX24*8.76) -> 0.20158937 | AY48: =AY37/(AY24*8.76) -> 0.56811198
B49: MSR | C49: =C38/(C25*8.76) -> #VALUE! | D49: =D38/(D25*8.76) -> #VALUE! | E49: =E38/(E25*8.76) -> 0.2456997 | F49: =F38/(F25*8.76) -> 0.87947816 | G49: =G38/(G25*8.76) -> #VALUE! | H49: =H38/(H25*8.76) -> 0.20266792 | I49: =I38/(I25*8.76) -> 0.50821394 | P49: MSR | Q49: =Q38/(Q25*8.76) -> #VALUE! | R49: =R38/(R25*8.76) -> #VALUE! | S49: =S38/(S25*8.76) -> 0.2456997 | T49: =T38/(T25*8.76) -> 0.87947816 | U49: =U38/(U25*8.76) -> #VALUE! | V49: =V38/(V25*8.76) -> 0.20266678 | W49: =W38/(W25*8.76) -> 0.50822182 | AD49: MSR | AE49: =AE38/(AE25*8.76) -> #VALUE! | AF49: =AF38/(AF25*8.76) -> #VALUE! | AG49: =AG38/(AG25*8.76) -> 0.23437454 | AH49: =AH38/(AH25*8.76) -> 0.87791088 | AI49: =AI38/(AI25*8.76) -> #VALUE! | AJ49: =AJ38/(AJ25*8.76) -> 0.2026089 | AK49: =AK38/(AK25*8.76) -> 0.50818625 | AR49: MSR | AS49: =AS38/(AS25*8.76) -> #VALUE! | AT49: =AT38/(AT25*8.76) -> #VALUE! | AU49: =AU38/(AU25*8.76) -> 0.2456997 | AV49: =AV38/(AV25*8.76) -> 0.87947816 | AW49: =AW38/(AW25*8.76) -> #VALUE! | AX49: =AX38/(AX25*8.76) -> 0.20266644 | AY49: =AY38/(AY25*8.76) -> 0.50822325
B50: MTQ | C50: =C39/(C26*8.76) -> 0.87091995 | D50: =D39/(D26*8.76) -> #VALUE! | E50: =E39/(E26*8.76) -> 0.21026904 | F50: =F39/(F26*8.76) -> 0.89228569 | G50: =G39/(G26*8.76) -> #VALUE! | H50: =H39/(H26*8.76) -> 0.20258143 | I50: =I39/(I26*8.76) -> 0.56479755 | P50: MTQ | Q50: =Q39/(Q26*8.76) -> 0.87091995 | R50: =R39/(R26*8.76) -> #VALUE! | S50: =S39/(S26*8.76) -> 0.21026904 | T50: =T39/(T26*8.76) -> 0.89228569 | U50: =U39/(U26*8.76) -> #VALUE! | V50: =V39/(V26*8.76) -> 0.20252984 | W50: =W39/(W26*8.76) -> 0.5648268 | AD50: MTQ | AE50: =AE39/(AE26*8.76) -> 0.87091995 | AF50: =AF39/(AF26*8.76) -> #VALUE! | AG50: =AG39/(AG26*8.76) -> 0.21026904 | AH50: =AH39/(AH26*8.76) -> 0.89228569 | AI50: =AI39/(AI26*8.76) -> #VALUE! | AJ50: =AJ39/(AJ26*8.76) -> 0.20258894 | AK50: =AK39/(AK26*8.76) -> 0.56479329 | AR50: MTQ | AS50: =AS39/(AS26*8.76) -> 0.91255127 | AT50: =AT39/(AT26*8.76) -> #VALUE! | AU50: =AU39/(AU26*8.76) -> 0.2460905 | AV50: =AV39/(AV26*8.76) -> 0.89405843 | AW50: =AW39/(AW26*8.76) -> #VALUE! | AX50: =AX39/(AX26*8.76) -> 0.20243464 | AY50: =AY39/(AY26*8.76) -> 0.56491616
B51: SKN | C51: =C40/(C27*8.76) -> #VALUE! | D51: =D40/(D27*8.76) -> #VALUE! | E51: =E40/(E27*8.76) -> 0.19739331 | F51: =F40/(F27*8.76) -> 0.86087529 | G51: =G40/(G27*8.76) -> #VALUE! | H51: =H40/(H27*8.76) -> 0.20216558 | I51: =I40/(I27*8.76) -> 0.4946329 | P51: SKN | Q51: =Q40/(Q27*8.76) -> #VALUE! | R51: =R40/(R27*8.76) -> #VALUE! | S51: =S40/(S27*8.76) -> 0.19739331 | T51: =T40/(T27*8.76) -> 0.86087529 | U51: =U40/(U27*8.76) -> #VALUE! | V51: =V40/(V27*8.76) -> 0.20215367 | W51: =W40/(W27*8.76) -> 0.49464865 | AD51: SKN | AE51: =AE40/(AE27*8.76) -> #VALUE! | AF51: =AF40/(AF27*8.76) -> #VALUE! | AG51: =AG40/(AG27*8.76) -> 0.16158547 | AH51: =AH40/(AH27*8.76) -> 0.84651881 | AI51: =AI40/(AI27*8.76) -> #VALUE! | AJ51: =AJ40/(AJ27*8.76) -> 0.20217252 | AK51: =AK40/(AK27*8.76) -> 0.49472773 | AR51: SKN | AS51: =AS40/(AS27*8.76) -> #VALUE! | AT51: =AT40/(AT27*8.76) -> #VALUE! | AU51: =AU40/(AU27*8.76) -> 0.19739331 | AV51: =AV40/(AV27*8.76) -> 0.86087529 | AW51: =AW40/(AW27*8.76) -> #VALUE! | AX51: =AX40/(AX27*8.76) -> 0.20212498 | AY51: =AY40/(AY27*8.76) -> 0.49468652
B52: SVG | C52: =C41/(C28*8.76) -> #VALUE! | D52: =D41/(D28*8.76) -> #VALUE! | E52: =E41/(E28*8.76) -> 0.15556508 | F52: =F41/(F28*8.76) -> #DIV/0! | G52: =G41/(G28*8.76) -> 0.80139829 | H52: =H41/(H28*8.76) -> 0.20054479 | I52: =I41/(I28*8.76) -> 0.54610469 | P52: SVG | Q52: =Q41/(Q28*8.76) -> #VALUE! | R52: =R41/(R28*8.76) -> #VALUE! | S52: =S41/(S28*8.76) -> 0.15556508 | T52: =T41/(T28*8.76) -> #DIV/0! | U52: =U41/(U28*8.76) -> 0.80139829 | V52: =V41/(V28*8.76) -> 0.20062273 | W52: =W41/(W28*8.76) -> 0.54607577 | AD52: SVG | AE52: =AE41/(AE28*8.76) -> #VALUE! | AF52: =AF41/(AF28*8.76) -> #VALUE! | AG52: =AG41/(AG28*8.76) -> 0.15556508 | AH52: =AH41/(AH28*8.76) -> #DIV/0! | AI52: =AI41/(AI28*8.76) -> 0.80139829 | AJ52: =AJ41/(AJ28*8.76) -> 0.20054479 | AK52: =AK41/(AK28*8.76) -> 0.54610469 | AR52: SVG | AS52: =AS41/(AS28*8.76) -> #VALUE! | AT52: =AT41/(AT28*8.76) -> #VALUE! | AU52: =AU41/(AU28*8.76) -> 0.15556508 | AV52: =AV41/(AV28*8.76) -> #DIV/0! | AW52: =AW41/(AW28*8.76) -> 0.80139829 | AX52: =AX41/(AX28*8.76) -> 0.20070352 | AY52: =AY41/(AY28*8.76) -> 0.54604578
D54: Total | E54: =SUM(C32:I41) -> 6799.8106 | F54: GWh | R54: Total | S54: =SUM(Q32:W41) -> 6799.8106 | T54: GWh | AF54: Total | AG54: =SUM(AE32:AK41) -> 6799.8106 | AH54: GWh | AT54: Total | AU54: =SUM(AS32:AY41) -> 6799.8106 | AV54: GWh
D55: Diesel | E55: =SUM(E32:E41) -> 1686.8663 | F55: GWh | R55: Diesel | S55: =SUM(S32:S41) -> 1788.6501 | T55: GWh | AF55: Diesel | AG55: =SUM(AG32:AG41) -> 1672.7544 | AH55: GWh | AT55: Diesel | AU55: =SUM(AU32:AU41) -> 2024.6952 | AV55: GWh
D56: Fraction | E56: =E55/E54 -> 0.24807548 | R56: Fraction | S56: =S55/S54 -> 0.26304411 | AF56: Fraction | AG56: =AG55/AG54 -> 0.24600015 | AT56: Fraction | AU56: =AU55/AU54 -> 0.29775759
D57: Assuming | E57: 0.66 | F57: ktCO2/GWh | R57: Assuming | S57: 0.66 | T57: ktCO2/GWh | AF57: Assuming | AG57: 0.66 | AH57: ktCO2/GWh | AT57: Assuming | AU57: 0.66 | AV57: ktCO2/GWh
D58: Emissions | E58: =E55*E57 -> 1113.3317 | F58: ktCO2 | R58: Emissions | S58: =S55*S57 -> 1180.5091 | T58: ktCO2 | AF58: Emissions | AG58: =AG55*AG57 -> 1104.0179 | AH58: ktCO2 | AT58: Emissions | AU58: =AU55*AU57 -> 1336.2989 | AV58: ktCO2
D59: Overall emissions factor | E59: =E58/E54 -> 0.16372982 | F59: tCO2/MWh | R59: Overall emissions factor | S59: =S58/S54 -> 0.17360911 | T59: tCO2/MWh | AF59: Overall emissions factor | AG59: =AG58/AG54 -> 0.1623601 | AH59: tCO2/MWh | AT59: Overall emissions factor | AU59: =AU58/AU54 -> 0.19652001 | AV59: tCO2/MWh
E61: =SUM(M32:M41)/'0. Current system'!$E58 -> 0.31175004 | S61: =SUM(AA32:AA41)/'0. Current system'!$E58 -> 0.33056073 | AG61: =SUM(AO32:AO41)/'0. Current system'!$E58 -> 0.30914202 | AU61: =SUM(BC32:BC41)/'0. Current system'!$E58 -> 0.37418426

Sheet 1. LCOE summaries
E1: Diesel, RE, no storage
F2: Regional LCOE | H2: % difference to base
D3: 1.1 | E3: Base | F3: ='1. Diesel, no storage'!G3 -> 118.9 | G3: /MWh | H3: --
D4: 1.2 | E4: Half wind and solar max cap | F4: ='1. Diesel, no storage'!U3 -> 122 | G4: /MWh | H4: =(F4-F$3)/F$3 -> 0.02607233
D5: 1.3 | E5: Higher fuel cost | F5: ='1. Diesel, no storage'!AI3 -> 135.9 | G5: /MWh | H5: =(F5-F$3)/F$3 -> 0.14297729
D6: 1.4 | E6: Quarter wind and solar max cap | F6: ='1. Diesel, no storage'!AW3 -> 130 | G6: /MWh | H6: =(F6-F$3)/F$3 -> 0.093355761

Sheet 2. Diesel-battery-storage
B1: Storage, 4 hours,double max wind and solar capacity | G1: Storage_4-hr_newbaseline-wind-solar-geo | T1: Baseline costs | W1: Storage_4-hr_half-wind-solar | AL1: Storage, 4 hours,new base max wind and solar capacity, high storage cost | AS1: Storage_4-hr_high-batt-cost | AZ1: Baseline costs | BC1: Storage_6-hr_baseline-VRE | BR1: Baseline costs | BU1: Storage_2-hr_half-wind-solar-cap | CJ1: Baseline costs | CM1: Storage_6-hr_half-wind-solar-cap | CX1: Baseline costs | DA1: Storage_8-hr_half-wind-solar-cap
B2: 04.09.2025 | D2: 2.1 | F2: lcoe | G2: $/MWh | H2: compared to current system | I2: compared to no storage | T2: 04.09.2025 | V2: half wind and solar max cap | X2: lcoe | Y2: $/MWh | AL2: 04.09.2025 | AN2: 2.3 | AP2: lcoe | AQ2: $/MWh | AZ2: 04.09.2025 | BA2: 2.4 | BB2: Now baseline wind and solar, longer storage time | BR2: 04.09.2025 | BU2: half wind and solar, shorter storage time | CJ2: 05.09.2025 | CL2: This is now "half wind and solar + 6hr storage | CX2: 05.09.2025 | CY2: 2.7 | DA2: half wind and solar, 8-hr storage
B3: 4 | C3: hours | D3: this becomes the baseline | F3: Region | G3: 92.2 | H3: =(G3-'0. Current system'!$G3)/'0. Current system'!$G3 -> -0.49617486 | I3: =(G3-'1. Diesel, no storage'!$G3)/'1. Diesel, no storage'!$G3 -> -0.22455845 | L3: Also must run wind, solar, geo min 60% | T3: 4 | U3: hours | V3: 2.2 | X3: Region | Y3: 93.8 | Z3: =(Y3-'0. Current system'!$G3)/'0. Current system'!$G3 -> -0.48743169 | AA3: =(Y3-'1. Diesel, no storage'!$G3)/'1. Diesel, no storage'!$G3 -> -0.21110177 | AB3: =(Y3-$G3)/$G3 -> 0.017353579 | AD3: Also must run wind, solar, geo min 60% | AL3: 4 | AM3: hours | AP3: Region | AQ3: 95.3 | AR3: =(AQ3-'0. Current system'!$G3)/'0. Current system'!$G3 -> -0.47923497 | AS3: =(AQ3-'1. Diesel, no storage'!$G3)/'1. Diesel, no storage'!$G3 -> -0.19848612 | AT3: =(AQ3-$G3)/$G3 -> 0.03362256 | AV3: Also must run wind, solar, geo min 60% | AZ3: 6 | BA3: hours | BD3: lcoe | BE3: 90.1 | BF3: =(BE3-'0. Current system'!$G3)/'0. Current system'!$G3 -> -0.50765027 | BG3: =(BE3-'1. Diesel, no storage'!$G3)/'1. Diesel, no storage'!$G3 -> -0.24222035 | BH3: =(BE3-$G3)/$G3 -> -0.022776573 | BJ3: Also must run wind, solar, geo min 60% | BR3: 2 | BS3: hours | BT3: 2.5 | BV3: lcoe | BW3: 98.9 | BX3: =(BW3-'0. Current system'!$G3)/'0. Current system'!$G3 -> -0.45956284 | BY3: =(BW3-'1. Diesel, no storage'!$G3)/'1. Diesel, no storage'!$G3 -> -0.16820858 | BZ3: =(BW3-$G3)/$G3 -> 0.072668113 | CB3: Also must run wind, solar, geo min 60% | CJ3: 6 | CK3: hours | CL3: 2.6 | CN3: lcoe | CO3: 91.9 | CP3: =(CO3-'0. Current system'!$G3)/'0. Current system'!$G3 -> -0.49781421 | CQ3: =(CO3-'1. Diesel, no storage'!$G3)/'1. Diesel, no storage'!$G3 -> -0.22708158 | CR3: =(CO3-$G3)/$G3 -> -0.0032537961 | CT3: Also must run wind, solar, geo min 60% | CX3: 8 | CY3: hours | DB3: lcoe | DC3: 91.8 | DD3: =(DC3-'0. Current system'!$G3)/'0. Current system'!$G3 -> -0.49836066 | DE3: =(DC3-'1. Diesel, no storage'!$G3)/'1. Diesel, no storage'!$G3 -> -0.22792262 | DF3: =(DC3-$G3)/$G3 -> -0.0043383948 | DH3: Also must run wind, solar, geo min 60%
B4: StorageUnit | D4: [MWh] | T4: StorageUnit | V4: [MWh] | X4: Country | Z4: compare to current system | AA4: compare to w/o storage | AB4: compare to baseline w/ storage | AL4: StorageUnit | AN4: [MWh] | AR4: compare to current system | AS4: compare to w/o storage | AT4: compare to baseline w/ storage | AZ4: StorageUnit | BB4: [MWh] | BD4: Country | BE4: $/MWh | BF4: compare to current system | BG4: compare to w/o storage | BH4: compare to baseline w/ storage | BR4: StorageUnit | BT4: [MWh] | BV4: Country | BW4: $/MWh | BX4: compare to current system | BY4: compare to w/o storage | BZ4: compare to baseline w/ storage | CJ4: StorageUnit | CL4: [MWh] | CN4: Country | CO4: $/MWh | CP4: compare to current system | CQ4: compare to w/o storage | CR4: compare to baseline w/ storage | CX4: StorageUnit | CZ4: [MWh] | DB4: Country | DC4: $/MWh | DD4: compare to current system | DE4: compare to w/o storage | DF4: compare to baseline w/ storage
B5: ATG Storage | C5: 70 | D5: =C5*B$3 -> 280 | F5: ATG | G5: 105.01968 | H5: =(G5-'0. Current system'!$G5)/'0. Current system'!$G5 -> -0.48040856 | I5: =(G5-'1. Diesel, no storage'!$G5)/'1. Diesel, no storage'!$G5 -> -0.23520733 | T5: ATG Storage | U5: 70 | V5: =U5*T$3 -> 280 | X5: ATG | Y5: 105.01968 | Z5: =(Y5-'0. Current system'!$G5)/'0. Current system'!$G5 -> -0.48040856 | AA5: =(Y5-'1. Diesel, no storage'!$G5)/'1. Diesel, no storage'!$G5 -> -0.23520733 | AB5: =(Y5-$G5)/$G5 -> 0 | AL5: ATG Storage | AM5: 70 | AN5: =AM5*AL$3 -> 280 | AP5: ATG | AQ5: 108.36755 | AR5: =(AQ5-'0. Current system'!$G5)/'0. Current system'!$G5 -> -0.46384479 | AS5: =(AQ5-'1. Diesel, no storage'!$G5)/'1. Diesel, no storage'!$G5 -> -0.21082693 | AT5: =(AQ5-$G5)/$G5 -> 0.031878444 | AZ5: ATG Storage | BA5: 70 | BB5: =BA5*AZ$3 -> 420 | BD5: ATG | BE5: 98.979073 | BF5: =(BE5-'0. Current system'!$G5)/'0. Current system'!$G5 -> -0.51029485 | BG5: =(BE5-'1. Diesel, no storage'!$G5)/'1. Diesel, no storage'!$G5 -> -0.2791973 | BH5: =(BE5-$G5)/$G5 -> -0.057518819 | BJ5: =BE5*BJ32 -> 43255.443 | BR5: ATG Storage | BS5: 70 | BT5: =BS5*BR$3 -> 140 | BV5: ATG | BW5: 113.05147 | BX5: =(BW5-'0. Current system'!$G5)/'0. Current system'!$G5 -> -0.44067077 | BY5: =(BW5-'1. Diesel, no storage'!$G5)/'1. Diesel, no storage'!$G5 -> -0.17671682 | BZ5: =(BW5-$G5)/$G5 -> 0.076478913 | CJ5: ATG Storage | CK5: 70 | CL5: =CK5*CJ$3 -> 420 | CN5: ATG | CO5: 98.979073 | CP5: =(CO5-'0. Current system'!$G5)/'0. Current system'!$G5 -> -0.51029485 | CQ5: =(CO5-'1. Diesel, no storage'!$G5)/'1. Diesel, no storage'!$G5 -> -0.2791973 | CR5: =(CO5-$G5)/$G5 -> -0.057518819 | CX5: TG Storage | CY5: 70 | CZ5: =CY5*CX$3 -> 560 | DB5: ATG | DC5: 97.638358 | DD5: =(DC5-'0. Current system'!$G5)/'0. Current system'!$G5 -> -0.51692812 | DE5: =(DC5-'1. Diesel, no storage'!$G5)/'1. Diesel, no storage'!$G5 -> -0.28896089 | DF5: =(DC5-$G5)/$G5 -> -0.07028514
B6: BRB Storage | C6: 200 | D6: =C6*B$3 -> 800 | F6: BRB | G6: 91.499505 | H6: =(G6-'0. Current system'!$G6)/'0. Current system'!$G6 -> -0.50418994 | I6: =(G6-'1. Diesel, no storage'!$G6)/'1. Diesel, no storage'!$G6 -> -0.26059565 | T6: BRB Storage | U6: 173.53875 | V6: =U6*T$3 -> 694.155 | X6: BRB | Y6: 100.82667 | Z6: =(Y6-'0. Current system'!$G6)/'0. Current system'!$G6 -> -0.45364869 | AA6: =(Y6-'1. Diesel, no storage'!$G6)/'1. Diesel, no storage'!$G6 -> -0.18522319 | AB6: =(Y6-$G6)/$G6 -> 0.10193673 | AL6: BRB Storage | AM6: 174.88342 | AN6: =AM6*AL$3 -> 699.53368 | AP6: BRB | AQ6: 94.926763 | AR6: =(AQ6-'0. Current system'!$G6)/'0. Current system'!$G6 -> -0.4856186 | AS6: =(AQ6-'1. Diesel, no storage'!$G6)/'1. Diesel, no storage'!$G6 -> -0.23290009 | AT6: =(AQ6-$G6)/$G6 -> 0.037456574 | AZ6: BRB Storage | BA6: 200 | BB6: =BA6*AZ$3 -> 1200 | BD6: BRB | BE6: 89.944397 | BF6: =(BE6-'0. Current system'!$G6)/'0. Current system'!$G6 -> -0.51261664 | BG6: =(BE6-'1. Diesel, no storage'!$G6)/'1. Diesel, no storage'!$G6 -> -0.27316242 | BH6: =(BE6-$G6)/$G6 -> -0.016995808 | BJ6: =BE6*BJ33 -> 108106.16 | BR6: BRB Storage | BS6: 200 | BT6: =BS6*BR$3 -> 400 | BV6: BRB | BW6: 112.3077 | BX6: =(BW6-'0. Current system'!$G6)/'0. Current system'!$G6 -> -0.39143617 | BY6: =(BW6-'1. Diesel, no storage'!$G6)/'1. Diesel, no storage'!$G6 -> -0.092445309 | BZ6: =(BW6-$G6)/$G6 -> 0.22741324 | CJ6: BRB Storage | CK6: 116.59333 | CL6: =CK6*CJ$3 -> 699.56 | CN6: BRB | CO6: 100.6393 | CP6: =(CO6-'0. Current system'!$G6)/'0. Current system'!$G6 -> -0.45466398 | CQ6: =(CO6-'1. Diesel, no storage'!$G6)/'1. Diesel, no storage'!$G6 -> -0.1867373 | CR6: =(CO6-$G6)/$G6 -> 0.099888988 | CX6: BRB Storage | CY6: 103.064 | CZ6: =CY6*CX$3 -> 824.512 | DB6: BRB | DC6: 101.65378 | DD6: =(DC6-'0. Current system'!$G6)/'0. Current system'!$G6 -> -0.4491668 | DE6: =(DC6-'1. Diesel, no storage'!$G6)/'1. Diesel, no storage'!$G6 -> -0.17853933 | DF6: =(DC6-$G6)/$G6 -> 0.11097625
B7: DMA Storage | C7: 0 | D7: =C7*B$3 -> 0 | F7: DMA | G7: 111.5797 | H7: =(G7-'0. Current system'!$G7)/'0. Current system'!$G7 -> -0.1341537 | I7: =(G7-'1. Diesel, no storage'!$G7)/'1. Diesel, no storage'!$G7 -> 0 | T7: DMA Storage | U7: 0 | V7: =U7*T$3 -> 0 | X7: DMA | Y7: 111.5797 | Z7: =(Y7-'0. Current system'!$G7)/'0. Current system'!$G7 -> -0.1341537 | AA7: =(Y7-'1. Diesel, no storage'!$G7)/'1. Diesel, no storage'!$G7 -> 0 | AB7: =(Y7-$G7)/$G7 -> 0 | AL7: DMA Storage | AM7: 0 | AN7: =AM7*AL$3 -> 0 | AP7: DMA | AQ7: 111.5797 | AR7: =(AQ7-'0. Current system'!$G7)/'0. Current system'!$G7 -> -0.1341537 | AS7: =(AQ7-'1. Diesel, no storage'!$G7)/'1. Diesel, no storage'!$G7 -> 0 | AT7: =(AQ7-$G7)/$G7 -> 0 | AZ7: DMA Storage | BA7: 0 | BB7: =BA7*AZ$3 -> 0 | BD7: DMA | BE7: 111.5797 | BF7: =(BE7-'0. Current system'!$G7)/'0. Current system'!$G7 -> -0.1341537 | BG7: =(BE7-'1. Diesel, no storage'!$G7)/'1. Diesel, no storage'!$G7 -> 0 | BH7: =(BE7-$G7)/$G7 -> 0 | BJ7: =BE7*BJ34 -> 14224.281 | BR7: DMA Storage | BS7: 0 | BT7: =BS7*BR$3 -> 0 | BV7: DMA | BW7: 111.5797 | BX7: =(BW7-'0. Current system'!$G7)/'0. Current system'!$G7 -> -0.1341537 | BY7: =(BW7-'1. Diesel, no storage'!$G7)/'1. Diesel, no storage'!$G7 -> 0 | BZ7: =(BW7-$G7)/$G7 -> 0 | CJ7: DMA Storage | CK7: 0 | CL7: =CK7*CJ$3 -> 0 | CN7: DMA | CO7: 111.5797 | CP7: =(CO7-'0. Current system'!$G7)/'0. Current system'!$G7 -> -0.1341537 | CQ7: =(CO7-'1. Diesel, no storage'!$G7)/'1. Diesel, no storage'!$G7 -> 0 | CR7: =(CO7-$G7)/$G7 -> 0 | CX7: DMA Storage | CY7: 0 | CZ7: =CY7*CX$3 -> 0 | DB7: DMA | DC7: 111.5797 | DD7: =(DC7-'0. Current system'!$G7)/'0. Current system'!$G7 -> -0.1341537 | DE7: =(DC7-'1. Diesel, no storage'!$G7)/'1. Diesel, no storage'!$G7 -> 0 | DF7: =(DC7-$G7)/$G7 -> 0
B8: GLP Storage | C8: 320 | D8: =C8*B$3 -> 1280 | F8: GLP | G8: 89.592667 | H8: =(G8-'0. Current system'!$G8)/'0. Current system'!$G8 -> -0.47828212 | I8: =(G8-'1. Diesel, no storage'!$G8)/'1. Diesel, no storage'!$G8 -> -0.23276049 | T8: GLP Storage | U8: 320 | V8: =U8*T$3 -> 1280 | X8: GLP | Y8: 89.592667 | Z8: =(Y8-'0. Current system'!$G8)/'0. Current system'!$G8 -> -0.47828212 | AA8: =(Y8-'1. Diesel, no storage'!$G8)/'1. Diesel, no storage'!$G8 -> -0.23276049 | AB8: =(Y8-$G8)/$G8 -> 0 | AL8: GLP Storage | AM8: 320 | AN8: =AM8*AL$3 -> 1280 | AP8: GLP | AQ8: 92.931534 | AR8: =(AQ8-'0. Current system'!$G8)/'0. Current system'!$G8 -> -0.45883916 | AS8: =(AQ8-'1. Diesel, no storage'!$G8)/'1. Diesel, no storage'!$G8 -> -0.20416763 | AT8: =(AQ8-$G8)/$G8 -> 0.037267191 | AZ8: GLP Storage | BA8: 320 | BB8: =BA8*AZ$3 -> 1920 | BD8: GLP | BE8: 86.999076 | BF8: =(BE8-'0. Current system'!$G8)/'0. Current system'!$G8 -> -0.49338517 | BG8: =(BE8-'1. Diesel, no storage'!$G8)/'1. Diesel, no storage'!$G8 -> -0.25497107 | BH8: =(BE8-$G8)/$G8 -> -0.028948697 | BJ8: =BE8*BJ35 -> 174273.96 | BR8: GLP Storage | BS8: 320 | BT8: =BS8*BR$3 -> 640 | BV8: GLP | BW8: 94.058183 | BX8: =(BW8-'0. Current system'!$G8)/'0. Current system'!$G8 -> -0.45227843 | BY8: =(BW8-'1. Diesel, no storage'!$G8)/'1. Diesel, no storage'!$G8 -> -0.19451941 | BZ8: =(BW8-$G8)/$G8 -> 0.049842427 | CJ8: GLP Storage | CK8: 320 | CL8: =CK8*CJ$3 -> 1920 | CN8: GLP | CO8: 86.999076 | CP8: =(CO8-'0. Current system'!$G8)/'0. Current system'!$G8 -> -0.49338517 | CQ8: =(CO8-'1. Diesel, no storage'!$G8)/'1. Diesel, no storage'!$G8 -> -0.25497107 | CR8: =(CO8-$G8)/$G8 -> -0.028948697 | CX8: GLP Storage | CY8: 320 | CZ8: =CY8*CX$3 -> 2560 | DB8: GLP | DC8: 86.725031 | DD8: =(DC8-'0. Current system'!$G8)/'0. Current system'!$G8 -> -0.494981 | DE8: =(DC8-'1. Diesel, no storage'!$G8)/'1. Diesel, no storage'!$G8 -> -0.2573179 | DF8: =(DC8-$G8)/$G8 -> -0.032007486
B9: GRD Storage | C9: 45 | D9: =C9*B$3 -> 180 | F9: GRD | G9: 91.988956 | H9: =(G9-'0. Current system'!$G9)/'0. Current system'!$G9 -> -0.54384289 | I9: =(G9-'1. Diesel, no storage'!$G9)/'1. Diesel, no storage'!$G9 -> -0.22809329 | T9: GRD Storage | U9: 45 | V9: =U9*T$3 -> 180 | X9: GRD | Y9: 91.988956 | Z9: =(Y9-'0. Current system'!$G9)/'0. Current system'!$G9 -> -0.54384289 | AA9: =(Y9-'1. Diesel, no storage'!$G9)/'1. Diesel, no storage'!$G9 -> -0.22809329 | AB9: =(Y9-$G9)/$G9 -> 0 | AL9: GRD Storage | AM9: 40.292891 | AN9: =AM9*AL$3 -> 161.17156 | AP9: GRD | AQ9: 95.436862 | AR9: =(AQ9-'0. Current system'!$G9)/'0. Current system'!$G9 -> -0.52674533 | AS9: =(AQ9-'1. Diesel, no storage'!$G9)/'1. Diesel, no storage'!$G9 -> -0.19916089 | AT9: =(AQ9-$G9)/$G9 -> 0.037481739 | AZ9: GRD Storage | BA9: 33.471216 | BB9: =BA9*AZ$3 -> 200.8273 | BD9: GRD | BE9: 91.612383 | BF9: =(BE9-'0. Current system'!$G9)/'0. Current system'!$G9 -> -0.54571025 | BG9: =(BE9-'1. Diesel, no storage'!$G9)/'1. Diesel, no storage'!$G9 -> -0.23125323 | BH9: =(BE9-$G9)/$G9 -> -0.0040936762 | BJ9: =BE9*BJ36 -> 24187.382 | BR9: GRD Storage | BS9: 45 | BT9: =BS9*BR$3 -> 90 | BV9: GRD | BW9: 95.695962 | BX9: =(BW9-'0. Current system'!$G9)/'0. Current system'!$G9 -> -0.5254605 | BY9: =(BW9-'1. Diesel, no storage'!$G9)/'1. Diesel, no storage'!$G9 -> -0.1969867 | BZ9: =(BW9-$G9)/$G9 -> 0.040298381 | CJ9: GRD Storage | CK9: 33.471216 | CL9: =CK9*CJ$3 -> 200.8273 | CN9: GRD | CO9: 91.612383 | CP9: =(CO9-'0. Current system'!$G9)/'0. Current system'!$G9 -> -0.54571025 | CQ9: =(CO9-'1. Diesel, no storage'!$G9)/'1. Diesel, no storage'!$G9 -> -0.23125323 | CR9: =(CO9-$G9)/$G9 -> -0.0040936762 | CX9: GRD Storage | CY9: 25.273246 | CZ9: =CY9*CX$3 -> 202.18597 | DB9: GRD | DC9: 91.516062 | DD9: =(DC9-'0. Current system'!$G9)/'0. Current system'!$G9 -> -0.54618789 | DE9: =(DC9-'1. Diesel, no storage'!$G9)/'1. Diesel, no storage'!$G9 -> -0.23206149 | DF9: =(DC9-$G9)/$G9 -> -0.0051407693
B10: LCA Storage | C10: 75 | D10: =C10*B$3 -> 300 | F10: LCA | G10: 95.272126 | H10: =(G10-'0. Current system'!$G10)/'0. Current system'!$G10 -> -0.52715088 | I10: =(G10-'1. Diesel, no storage'!$G10)/'1. Diesel, no storage'!$G10 -> -0.19661871 | T10: LCA Storage | U10: 75 | V10: =U10*T$3 -> 300 | X10: LCA | Y10: 95.272126 | Z10: =(Y10-'0. Current system'!$G10)/'0. Current system'!$G10 -> -0.52715088 | AA10: =(Y10-'1. Diesel, no storage'!$G10)/'1. Diesel, no storage'!$G10 -> -0.19661871 | AB10: =(Y10-$G10)/$G10 -> 0 | AL10: LCA Storage | AM10: 69.741106 | AN10: =AM10*AL$3 -> 278.96442 | AP10: LCA | AQ10: 98.579589 | AR10: =(AQ10-'0. Current system'!$G10)/'0. Current system'!$G10 -> -0.51073547 | AS10: =(AQ10-'1. Diesel, no storage'!$G10)/'1. Diesel, no storage'!$G10 -> -0.16872856 | AT10: =(AQ10-$G10)/$G10 -> 0.034715957 | AZ10: LCA Storage | BA10: 75 | BB10: =BA10*AZ$3 -> 450 | BD10: LCA | BE10: 93.501378 | BF10: =(BE10-'0. Current system'!$G10)/'0. Current system'!$G10 -> -0.53593935 | BG10: =(BE10-'1. Diesel, no storage'!$G10)/'1. Diesel, no storage'!$G10 -> -0.21155053 | BH10: =(BE10-$G10)/$G10 -> -0.018586213 | BJ10: =BE10*BJ37 -> 44267.236 | BR10: LCA Storage | BS10: 75 | BT10: =BS10*BR$3 -> 150 | BV10: LCA | BW10: 97.349355 | BX10: =(BW10-'0. Current system'!$G10)/'0. Current system'!$G10 -> -0.51684129 | BY10: =(BW10-'1. Diesel, no storage'!$G10)/'1. Diesel, no storage'!$G10 -> -0.1791025 | BZ10: =(BW10-$G10)/$G10 -> 0.021803114 | CJ10: LCA Storage | CK10: 75 | CL10: =CK10*CJ$3 -> 450 | CN10: LCA | CO10: 93.501378 | CP10: =(CO10-'0. Current system'!$G10)/'0. Current system'!$G10 -> -0.53593935 | CQ10: =(CO10-'1. Diesel, no storage'!$G10)/'1. Diesel, no storage'!$G10 -> -0.21155053 | CR10: =(CO10-$G10)/$G10 -> -0.018586213 | CX10: LCA Storage | CY10: 75 | CZ10: =CY10*CX$3 -> 600 | DB10: LCA | DC10: 93.018536 | DD10: =(DC10-'0. Current system'!$G10)/'0. Current system'!$G10 -> -0.53833576 | DE10: =(DC10-'1. Diesel, no storage'!$G10)/'1. Diesel, no storage'!$G10 -> -0.21562209 | DF10: =(DC10-$G10)/$G10 -> -0.023654243
B11: MSR Storage | C11: 1.081209 | D11: =C11*B$3 -> 4.324836 | F11: MSR | G11: 105.92799 | H11: =(G11-'0. Current system'!$G11)/'0. Current system'!$G11 -> -0.44599551 | I11: =(G11-'1. Diesel, no storage'!$G11)/'1. Diesel, no storage'!$G11 -> -0.18026359 | T11: MSR Storage | U11: 1.081209 | V11: =U11*T$3 -> 4.324836 | X11: MSR | Y11: 105.92799 | Z11: =(Y11-'0. Current system'!$G11)/'0. Current system'!$G11 -> -0.44599551 | AA11: =(Y11-'1. Diesel, no storage'!$G11)/'1. Diesel, no storage'!$G11 -> -0.18026359 | AB11: =(Y11-$G11)/$G11 -> 0 | AL11: MSR Storage | AM11: 0.898598 | AN11: =AM11*AL$3 -> 3.594392 | AP11: MSR | AQ11: 107.19638 | AR11: =(AQ11-'0. Current system'!$G11)/'0. Current system'!$G11 -> -0.43936178 | AS11: =(AQ11-'1. Diesel, no storage'!$G11)/'1. Diesel, no storage'!$G11 -> -0.17044795 | AT11: =(AQ11-$G11)/$G11 -> 0.011974144 | AZ11: MSR Storage | BA11: 0.728178 | BB11: =BA11*AZ$3 -> 4.369068 | BD11: MSR | BE11: 105.84242 | BF11: =(BE11-'0. Current system'!$G11)/'0. Current system'!$G11 -> -0.44644302 | BG11: =(BE11-'1. Diesel, no storage'!$G11)/'1. Diesel, no storage'!$G11 -> -0.18092576 | BH11: =(BE11-$G11)/$G11 -> -0.0008077752 | BJ11: =BE11*BJ38 -> 1734.8123 | BR11: MSR Storage | BS11: 2.162418 | BT11: =BS11*BR$3 -> 4.324836 | BV11: MSR | BW11: 105.98016 | BX11: =(BW11-'0. Current system'!$G11)/'0. Current system'!$G11 -> -0.44572262 | BY11: =(BW11-'1. Diesel, no storage'!$G11)/'1. Diesel, no storage'!$G11 -> -0.17985981 | BZ11: =(BW11-$G11)/$G11 -> 0.00049257993 | CJ11: MSR Storage | CK11: 0.728178 | CL11: =CK11*CJ$3 -> 4.369068 | CN11: MSR | CO11: 105.84242 | CP11: =(CO11-'0. Current system'!$G11)/'0. Current system'!$G11 -> -0.44644302 | CQ11: =(CO11-'1. Diesel, no storage'!$G11)/'1. Diesel, no storage'!$G11 -> -0.18092576 | CR11: =(CO11-$G11)/$G11 -> -0.0008077752 | CX11: MSR Storage | CY11: 0.587846 | CZ11: =CY11*CX$3 -> 4.702768 | DB11: MSR | DC11: 105.91276 | DD11: =(DC11-'0. Current system'!$G11)/'0. Current system'!$G11 -> -0.44607516 | DE11: =(DC11-'1. Diesel, no storage'!$G11)/'1. Diesel, no storage'!$G11 -> -0.18038145 | DF11: =(DC11-$G11)/$G11 -> -0.00014376748
B12: MTQ Storage | C12: 250 | D12: =C12*B$3 -> 1000 | F12: MTQ | G12: 92.831085 | H12: =(G12-'0. Current system'!$G12)/'0. Current system'!$G12 -> -0.50011296 | I12: =(G12-'1. Diesel, no storage'!$G12)/'1. Diesel, no storage'!$G12 -> -0.21828102 | T12: MTQ Storage | U12: 250 | V12: =U12*T$3 -> 1000 | X12: MTQ | Y12: 92.831085 | Z12: =(Y12-'0. Current system'!$G12)/'0. Current system'!$G12 -> -0.50011296 | AA12: =(Y12-'1. Diesel, no storage'!$G12)/'1. Diesel, no storage'!$G12 -> -0.21828102 | AB12: =(Y12-$G12)/$G12 -> 0 | AL12: MTQ Storage | AM12: 250 | AN12: =AM12*AL$3 -> 1000 | AP12: MTQ | AQ12: 95.700409 | AR12: =(AQ12-'0. Current system'!$G12)/'0. Current system'!$G12 -> -0.4846619 | AS12: =(AQ12-'1. Diesel, no storage'!$G12)/'1. Diesel, no storage'!$G12 -> -0.1941188 | AT12: =(AQ12-$G12)/$G12 -> 0.030909086 | AZ12: MTQ Storage | BA12: 250 | BB12: =BA12*AZ$3 -> 1500 | BD12: MTQ | BE12: 91.054397 | BF12: =(BE12-'0. Current system'!$G12)/'0. Current system'!$G12 -> -0.50968026 | BG12: =(BE12-'1. Diesel, no storage'!$G12)/'1. Diesel, no storage'!$G12 -> -0.23324229 | BH12: =(BE12-$G12)/$G12 -> -0.019138934 | BJ12: =BE12*BJ39 -> 165816.73 | BR12: MTQ Storage | BS12: 250 | BT12: =BS12*BR$3 -> 500 | BV12: MTQ | BW12: 95.66139 | BX12: =(BW12-'0. Current system'!$G12)/'0. Current system'!$G12 -> -0.48487202 | BY12: =(BW12-'1. Diesel, no storage'!$G12)/'1. Diesel, no storage'!$G12 -> -0.19444737 | BZ12: =(BW12-$G12)/$G12 -> 0.030488764 | CJ12: MTQ Storage | CK12: 250 | CL12: =CK12*CJ$3 -> 1500 | CN12: MTQ | CO12: 91.054397 | CP12: =(CO12-'0. Current system'!$G12)/'0. Current system'!$G12 -> -0.50968026 | CQ12: =(CO12-'1. Diesel, no storage'!$G12)/'1. Diesel, no storage'!$G12 -> -0.23324229 | CR12: =(CO12-$G12)/$G12 -> -0.019138934 | CX12: MTQ Storage | CY12: 248.61855 | CZ12: =CY12*CX$3 -> 1988.9484 | DB12: MTQ | DC12: 90.435182 | DD12: =(DC12-'0. Current system'!$G12)/'0. Current system'!$G12 -> -0.51301468 | DE12: =(DC12-'1. Diesel, no storage'!$G12)/'1. Diesel, no storage'!$G12 -> -0.23845662 | DF12: =(DC12-$G12)/$G12 -> -0.025809275
B13: SKN Storage | C13: 45 | D13: =C13*B$3 -> 180 | F13: SKN | G13: 101.10778 | H13: =(G13-'0. Current system'!$G13)/'0. Current system'!$G13 -> -0.48905822 | I13: =(G13-'1. Diesel, no storage'!$G13)/'1. Diesel, no storage'!$G13 -> -0.1725235 | T13: SKN Storage | U13: 45 | V13: =U13*T$3 -> 180 | X13: SKN | Y13: 101.10778 | Z13: =(Y13-'0. Current system'!$G13)/'0. Current system'!$G13 -> -0.48905822 | AA13: =(Y13-'1. Diesel, no storage'!$G13)/'1. Diesel, no storage'!$G13 -> -0.1725235 | AB13: =(Y13-$G13)/$G13 -> 0 | AL13: SKN Storage | AM13: 45 | AN13: =AM13*AL$3 -> 180 | AP13: SKN | AQ13: 104.55069 | AR13: =(AQ13-'0. Current system'!$G13)/'0. Current system'!$G13 -> -0.47165967 | AS13: =(AQ13-'1. Diesel, no storage'!$G13)/'1. Diesel, no storage'!$G13 -> -0.14434634 | AT13: =(AQ13-$G13)/$G13 -> 0.03405192 | AZ13: SKN Storage | BA13: 45 | BB13: =BA13*AZ$3 -> 270 | BD13: SKN | BE13: 99.186918 | BF13: =(BE13-'0. Current system'!$G13)/'0. Current system'!$G13 -> -0.49876517 | BG13: =(BE13-'1. Diesel, no storage'!$G13)/'1. Diesel, no storage'!$G13 -> -0.18824404 | BH13: =(BE13-$G13)/$G13 -> -0.018998162 | BJ13: =BE13*BJ40 -> 27096.165 | BR13: SKN Storage | BS13: 45 | BT13: =BS13*BR$3 -> 90 | BV13: SKN | BW13: 104.65667 | BX13: =(BW13-'0. Current system'!$G13)/'0. Current system'!$G13 -> -0.47112411 | BY13: =(BW13-'1. Diesel, no storage'!$G13)/'1. Diesel, no storage'!$G13 -> -0.143479 | BZ13: =(BW13-$G13)/$G13 -> 0.035100098 | CJ13: SKN Storage | CK13: 45 | CL13: =CK13*CJ$3 -> 270 | CN13: SKN | CO13: 99.186918 | CP13: =(CO13-'0. Current system'!$G13)/'0. Current system'!$G13 -> -0.49876517 | CQ13: =(CO13-'1. Diesel, no storage'!$G13)/'1. Diesel, no storage'!$G13 -> -0.18824404 | CR13: =(CO13-$G13)/$G13 -> -0.018998162 | CX13: SKN Storage | CY13: 38.037964 | CZ13: =CY13*CX$3 -> 304.30371 | DB13: SKN | DC13: 99.414418 | DD13: =(DC13-'0. Current system'!$G13)/'0. Current system'!$G13 -> -0.49761551 | DE13: =(DC13-'1. Diesel, no storage'!$G13)/'1. Diesel, no storage'!$G13 -> -0.18638215 | DF13: =(DC13-$G13)/$G13 -> -0.016748088
B14: SVG Storage | C14: 17.478105 | D14: =C14*B$3 -> 69.91242 | F14: SVG | G14: 51.774779 | H14: =(G14-'0. Current system'!$G14)/'0. Current system'!$G14 -> -0.67065749 | I14: =(G14-'1. Diesel, no storage'!$G14)/'1. Diesel, no storage'!$G14 -> -0.21445636 | T14: SVG Storage | U14: 17.478105 | V14: =U14*T$3 -> 69.91242 | X14: SVG | Y14: 51.774779 | Z14: =(Y14-'0. Current system'!$G14)/'0. Current system'!$G14 -> -0.67065749 | AA14: =(Y14-'1. Diesel, no storage'!$G14)/'1. Diesel, no storage'!$G14 -> -0.21445636 | AB14: =(Y14-$G14)/$G14 -> 0 | AL14: SVG Storage | AM14: 16.95636 | AN14: =AM14*AL$3 -> 67.82544 | AP14: SVG | AQ14: 53.773851 | AR14: =(AQ14-'0. Current system'!$G14)/'0. Current system'!$G14 -> -0.65794127 | AS14: =(AQ14-'1. Diesel, no storage'!$G14)/'1. Diesel, no storage'!$G14 -> -0.1841258 | AT14: =(AQ14-$G14)/$G14 -> 0.038610923 | AZ14: SVG Storage | BA14: 11.65207 | BB14: =BA14*AZ$3 -> 69.91242 | BD14: SVG | BE14: 51.64704 | BF14: =(BE14-'0. Current system'!$G14)/'0. Current system'!$G14 -> -0.67147005 | BG14: =(BE14-'1. Diesel, no storage'!$G14)/'1. Diesel, no storage'!$G14 -> -0.21639446 | BH14: =(BE14-$G14)/$G14 -> -0.0024672051 | BJ14: =BE14*BJ41 -> 9405.7833 | BR14: SVG Storage | BS14: 30 | BT14: =BS14*BR$3 -> 60 | BV14: SVG | BW14: 52.201221 | BX14: =(BW14-'0. Current system'!$G14)/'0. Current system'!$G14 -> -0.66794487 | BY14: =(BW14-'1. Diesel, no storage'!$G14)/'1. Diesel, no storage'!$G14 -> -0.20798625 | BZ14: =(BW14-$G14)/$G14 -> 0.0082364813 | CJ14: SVG Storage | CK14: 11.65207 | CL14: =CK14*CJ$3 -> 69.91242 | CN14: SVG | CO14: 51.64704 | CP14: =(CO14-'0. Current system'!$G14)/'0. Current system'!$G14 -> -0.67147005 | CQ14: =(CO14-'1. Diesel, no storage'!$G14)/'1. Diesel, no storage'!$G14 -> -0.21639446 | CR14: =(CO14-$G14)/$G14 -> -0.0024672051 | CX14: SVG Storage | CY14: 8.739053 | CZ14: =CY14*CX$3 -> 69.912424 | DB14: SVG | DC14: 51.60859 | DD14: =(DC14-'0. Current system'!$G14)/'0. Current system'!$G14 -> -0.67171463 | DE14: =(DC14-'1. Diesel, no storage'!$G14)/'1. Diesel, no storage'!$G14 -> -0.21697783 | DF14: =(DC14-$G14)/$G14 -> -0.0032098447
B16: Capacity [MW] | T16: Capacity [MW] | AL16: Capacity [MW] | AZ16: Capacity [MW] | BJ16: =SUM(BJ5:BJ14)/SUM(BJ32:BJ41) -> 90.056618 | BR16: Capacity [MW] | CJ16: Capacity [MW] | CX16: Capacity [MW]
B17: Technology | C17: biomass | D17: coal | E17: diesel | F17: geothermal | G17: hydro | H17: solar pv | I17: wind | J17: Frac of max solar | K17: Frac of max wind | T17: Technology | U17: biomass | V17: coal | W17: diesel | X17: geothermal | Y17: hydro | Z17: solar pv | AA17: wind | AB17: Frac of max solar | AC17: Frac of max wind | AL17: Technology | AM17: biomass | AN17: coal | AO17: diesel | AP17: geothermal | AQ17: hydro | AR17: solar pv | AS17: wind | AT17: Frac of max solar | AU17: Frac of max wind | AZ17: Technology | BA17: biomass | BB17: coal | BC17: diesel | BD17: geothermal | BE17: hydro | BF17: solar pv | BG17: wind | BH17: Frac of max solar | BI17: Frac of max wind | BR17: Technology | BS17: biomass | BT17: coal | BU17: diesel | BV17: geothermal | BW17: hydro | BX17: solar pv | BY17: wind | BZ17: Frac of max solar | CA17: Frac of max wind | CJ17: Technology | CK17: biomass | CL17: coal | CM17: diesel | CN17: geothermal | CO17: hydro | CP17: solar pv | CQ17: wind | CR17: Frac of max solar | CS17: Frac of max wind | CX17: Technology | CY17: biomass | CZ17: coal | DA17: diesel | DB17: geothermal | DC17: hydro | DD17: solar pv | DE17: wind | DF17: Frac of max solar | DG17: Frac of max wind
B18: Country | T18: Country | AL18: Country | AZ18: Country | BR18: Country | CJ18: Country | CX18: Country
B19: ATG | C19: NaN | D19: NaN | E19: 38.739992 | F19: NaN | G19: NaN | H19: 108.28531 | I19: 29.686545 | J19: =H19/('Max capacities'!$E4) -> 0.292663 | K19: =I19/('Max capacities'!$F4) -> 0.29686545 | T19: ATG | U19: NaN | V19: NaN | W19: 38.739992 | X19: NaN | Y19: NaN | Z19: 108.28531 | AA19: 29.686545 | AB19: =Z19/(0.5*'Max capacities'!$E4) -> 0.58532599 | AC19: =AA19/(0.5*'Max capacities'!$F4) -> 0.5937309 | AL19: ATG | AM19: NaN | AN19: NaN | AO19: 38.739992 | AP19: NaN | AQ19: NaN | AR19: 108.28531 | AS19: 29.686545 | AT19: =AR19/('Max capacities'!$F4) -> 1.0828531 | AU19: =AS19/('Max capacities'!$F4) -> 0.29686545 | AZ19: ATG | BA19: NaN | BB19: NaN | BC19: 33.032708 | BD19: NaN | BE19: NaN | BF19: 157.82086 | BG19: 17.674773 | BH19: =BF19/('Max capacities'!$E4) -> 0.42654287 | BI19: =BG19/('Max capacities'!$F4) -> 0.17674773 | BR19: ATG | BS19: NaN | BT19: NaN | BU19: 45.845541 | BV19: NaN | BW19: NaN | BX19: 55.841513 | BY19: 42.307639 | BZ19: =BX19/(0.5*'Max capacities'!$E4) -> 0.30184602 | CA19: =BY19/(0.5*'Max capacities'!$F4) -> 0.84615278 | CJ19: ATG | CK19: NaN | CL19: NaN | CM19: 33.032708 | CN19: NaN | CO19: NaN | CP19: 157.82086 | CQ19: 17.674773 | CR19: =CP19/(0.5*'Max capacities'!$E4) -> 0.85308574 | CS19: =CQ19/(0.5*'Max capacities'!$F4) -> 0.35349546 | CX19: ATG | CY19: NaN | CZ19: NaN | DA19: 30.788121 | DB19: NaN | DC19: NaN | DD19: 165.10282 | DE19: 17.855576 | DF19: =DD19/(0.5*'Max capacities'!$E4) -> 0.89244766 | DG19: =DE19/(0.5*'Max capacities'!$F4) -> 0.35711152
B20: BRB | C20: 10 | D20: NaN | E20: 80.694682 | F20: NaN | G20: NaN | H20: 273.04379 | I20: 93.300533 | J20: =H20/('Max capacities'!$E5) -> 0.4790242 | K20: =I20/('Max capacities'!$F5) -> 0.62200355 | T20: BRB | U20: 10 | V20: NaN | W20: 84.50825 | X20: NaN | Y20: NaN | Z20: 285 | AA20: 75 | AB20: =Z20/(0.5*'Max capacities'!$E5) -> 1 | AC20: =AA20/(0.5*'Max capacities'!$F5) -> 1 | AL20: BRB | AM20: 10 | AN20: NaN | AO20: 84.218776 | AP20: NaN | AQ20: NaN | AR20: 240.98785 | AS20: 101.42778 | AT20: =AR20/('Max capacities'!$F5) -> 1.6065857 | AU20: =AS20/('Max capacities'!$F5) -> 0.67618523 | AZ20: BRB | BA20: 10 | BB20: NaN | BC20: 69.266918 | BD20: NaN | BE20: NaN | BF20: 350.62499 | BG20: 76.3306 | BH20: =BF20/('Max capacities'!$E5) -> 0.61513156 | BI20: =BG20/('Max capacities'!$F5) -> 0.50887067 | BR20: BRB | BS20: 10 | BT20: NaN | BU20: 96.423381 | BV20: NaN | BW20: NaN | BX20: 226.69055 | BY20: 75 | BZ20: =BX20/(0.5*'Max capacities'!$E5) -> 0.79540546 | CA20: =BY20/(0.5*'Max capacities'!$F5) -> 1 | CJ20: BRB | CK20: 10 | CL20: NaN | CM20: 84.373125 | CN20: NaN | CO20: NaN | CP20: 285 | CQ20: 75 | CR20: =CP20/(0.5*'Max capacities'!$E5) -> 1 | CS20: =CQ20/(0.5*'Max capacities'!$F5) -> 1 | CX20: BRB | CY20: 10 | CZ20: NaN | DA20: 81.916556 | DB20: NaN | DC20: NaN | DD20: 285 | DE20: 75 | DF20: =DD20/(0.5*'Max capacities'!$E5) -> 1 | DG20: =DE20/(0.5*'Max capacities'!$F5) -> 1
B21: DMA | C21: NaN | D21: NaN | E21: 0 | F21: 15 | G21: 6.6 | H21: 0 | I21: 0 | J21: =H21/('Max capacities'!$E6) -> 0 | K21: =I21/('Max capacities'!$F6) -> 0 | T21: DMA | U21: NaN | V21: NaN | W21: 0 | X21: 15 | Y21: 6.6 | Z21: 0 | AA21: 0 | AB21: =Z21/(0.5*'Max capacities'!$E6) -> 0 | AC21: =AA21/(0.5*'Max capacities'!$F6) -> 0 | AL21: DMA | AM21: NaN | AN21: NaN | AO21: 0 | AP21: 15 | AQ21: 6.6 | AR21: 0 | AS21: 0 | AT21: =AR21/('Max capacities'!$F6) -> 0 | AU21: =AS21/('Max capacities'!$F6) -> 0 | AZ21: DMA | BA21: NaN | BB21: NaN | BC21: 0 | BD21: 15 | BE21: 6.6 | BF21: 0 | BG21: 0 | BH21: =BF21/('Max capacities'!$E6) -> 0 | BI21: =BG21/('Max capacities'!$F6) -> 0 | BR21: DMA | BS21: NaN | BT21: NaN | BU21: 0 | BV21: 15 | BW21: 6.6 | BX21: 0 | BY21: 0 | BZ21: =BX21/(0.5*'Max capacities'!$E6) -> 0 | CA21: =BY21/(0.5*'Max capacities'!$F6) -> 0 | CJ21: DMA | CK21: NaN | CL21: NaN | CM21: 0 | CN21: 15 | CO21: 6.6 | CP21: 0 | CQ21: 0 | CR21: =CP21/(0.5*'Max capacities'!$E6) -> 0 | CS21: =CQ21/(0.5*'Max capacities'!$F6) -> 0 | CX21: DMA | CY21: NaN | CZ21: NaN | DA21: 0 | DB21: 15 | DC21: 6.6 | DD21: 0 | DE21: 0 | DF21: =DD21/(0.5*'Max capacities'!$E6) -> 0 | DG21: =DE21/(0.5*'Max capacities'!$F6) -> 0
B22: GLP | C22: 10 | D22: 0 | E22: 114.96016 | F22: 44.808362 | G22: 15 | H22: 498.58631 | I22: 99.600111 | J22: =H22/('Max capacities'!$E7) -> 0.22663014 | K22: =I22/('Max capacities'!$F7) -> 0.16600018 | T22: GLP | U22: 10 | V22: 0 | W22: 114.96016 | X22: 44.808362 | Y22: 15 | Z22: 498.58631 | AA22: 99.600111 | AB22: =Z22/(0.5*'Max capacities'!$E7) -> 0.45326028 | AC22: =AA22/(0.5*'Max capacities'!$F7) -> 0.33200037 | AL22: GLP | AM22: 10 | AN22: 0 | AO22: 114.96016 | AP22: 44.808362 | AQ22: 15 | AR22: 498.58631 | AS22: 99.600111 | AT22: =AR22/('Max capacities'!$F7) -> 0.83097718 | AU22: =AS22/('Max capacities'!$F7) -> 0.16600018 | AZ22: GLP | BA22: 10 | BB22: 0 | BC22: 119.44982 | BD22: 14.7 | BE22: 15 | BF22: 682.44493 | BG22: 81.223618 | BH22: =BF22/('Max capacities'!$E7) -> 0.31020224 | BI22: =BG22/('Max capacities'!$F7) -> 0.1353727 | BR22: GLP | BS22: 10 | BT22: 0 | BU22: 139.65524 | BV22: 50 | BW22: 15 | BX22: 257.24155 | BY22: 154.57251 | BZ22: =BX22/(0.5*'Max capacities'!$E7) -> 0.23385595 | CA22: =BY22/(0.5*'Max capacities'!$F7) -> 0.5152417 | CJ22: GLP | CK22: 10 | CL22: 0 | CM22: 119.44982 | CN22: 14.7 | CO22: 15 | CP22: 682.44493 | CQ22: 81.223618 | CR22: =CP22/(0.5*'Max capacities'!$E7) -> 0.62040448 | CS22: =CQ22/(0.5*'Max capacities'!$F7) -> 0.27074539 | CX22: GLP | CY22: 10 | CZ22: 0 | DA22: 106.38674 | DB22: 14.7 | DC22: 15 | DD22: 728.31303 | DE22: 78.448208 | DF22: =DD22/(0.5*'Max capacities'!$E7) -> 0.66210275 | DG22: =DE22/(0.5*'Max capacities'!$F7) -> 0.26149403
B23: GRD | C23: NaN | D23: NaN | E23: 18.761591 | F23: 2.832621 | G23: 0 | H23: 26.024614 | I23: 30.629539 | J23: =H23/('Max capacities'!$E8) -> 0.055371519 | K23: =I23/('Max capacities'!$F8) -> 0.25524616 | T23: GRD | U23: NaN | V23: NaN | W23: 18.761591 | X23: 2.832621 | Y23: 0 | Z23: 26.024614 | AA23: 30.629539 | AB23: =Z23/(0.5*'Max capacities'!$E8) -> 0.11074304 | AC23: =AA23/(0.5*'Max capacities'!$F8) -> 0.51049232 | AL23: GRD | AM23: NaN | AN23: NaN | AO23: 16.95019 | AP23: 5.898634 | AQ23: 0 | AR23: 23.80234 | AS23: 28.326752 | AT23: =AR23/('Max capacities'!$F8) -> 0.19835283 | AU23: =AS23/('Max capacities'!$F8) -> 0.23605627 | AZ23: GRD | BA23: NaN | BB23: NaN | BC23: 20.286762 | BD23: 0 | BE23: 0 | BF23: 30.693599 | BG23: 31.989144 | BH23: =BF23/('Max capacities'!$E8) -> 0.06530553 | BI23: =BG23/('Max capacities'!$F8) -> 0.2665762 | BR23: GRD | BS23: NaN | BT23: NaN | BU23: 15.131589 | BV23: 10.781671 | BW23: 0 | BX23: 19.808859 | BY23: 23.107569 | BZ23: =BX23/(0.5*'Max capacities'!$E8) -> 0.084293017 | CA23: =BY23/(0.5*'Max capacities'!$F8) -> 0.38512615 | CJ23: GRD | CK23: NaN | CL23: NaN | CM23: 20.286762 | CN23: 0 | CO23: 0 | CP23: 30.693599 | CQ23: 31.989144 | CR23: =CP23/(0.5*'Max capacities'!$E8) -> 0.13061106 | CS23: =CQ23/(0.5*'Max capacities'!$F8) -> 0.5331524 | CX23: GRD | CY23: NaN | CZ23: NaN | DA23: 20.225879 | DB23: 0 | DC23: 0 | DD23: 31.729145 | DE23: 31.68516 | DF23: =DD23/(0.5*'Max capacities'!$E8) -> 0.13501764 | DG23: =DE23/(0.5*'Max capacities'!$F8) -> 0.528086
B24: LCA | C24: NaN | D24: NaN | E24: 30.555606 | F24: 11.592595 | G24: NaN | H24: 106.83394 | I24: 26.617077 | J24: =H24/('Max capacities'!$E9) -> 0.13354242 | K24: =I24/('Max capacities'!$F9) -> 0.13308539 | T24: LCA | U24: NaN | V24: NaN | W24: 30.555606 | X24: 11.592595 | Y24: NaN | Z24: 106.83394 | AA24: 26.617077 | AB24: =Z24/(0.5*'Max capacities'!$E9) -> 0.26708484 | AC24: =AA24/(0.5*'Max capacities'!$F9) -> 0.26617077 | AL24: LCA | AM24: NaN | AN24: NaN | AO24: 30.316806 | AP24: 12.739906 | AQ24: NaN | AR24: 100.72214 | AS24: 27.112983 | AT24: =AR24/('Max capacities'!$F9) -> 0.50361071 | AU24: =AS24/('Max capacities'!$F9) -> 0.13556492 | AZ24: LCA | BA24: NaN | BB24: NaN | BC24: 33.624355 | BD24: 2.030201 | BE24: NaN | BF24: 142.90244 | BG24: 26.409936 | BH24: =BF24/('Max capacities'!$E9) -> 0.17862805 | BI24: =BG24/('Max capacities'!$F9) -> 0.13204968 | BR24: LCA | BS24: NaN | BT24: NaN | BU24: 28.578259 | BV24: 21.074377 | BW24: NaN | BX24: 46.918417 | BY24: 33.862769 | BZ24: =BX24/(0.5*'Max capacities'!$E9) -> 0.11729604 | CA24: =BY24/(0.5*'Max capacities'!$F9) -> 0.33862769 | CJ24: LCA | CK24: NaN | CL24: NaN | CM24: 33.624355 | CN24: 2.030201 | CO24: NaN | CP24: 142.90244 | CQ24: 26.409936 | CR24: =CP24/(0.5*'Max capacities'!$E9) -> 0.35725609 | CS24: =CQ24/(0.5*'Max capacities'!$F9) -> 0.26409936 | CX24: LCA | CY24: NaN | CZ24: NaN | DA24: 32.036885 | DB24: 0 | DC24: NaN | DD24: 166.92385 | DE24: 23.221279 | DF24: =DD24/(0.5*'Max capacities'!$E9) -> 0.41730962 | DG24: =DE24/(0.5*'Max capacities'!$F9) -> 0.23221279
B25: MSR | C25: NaN | D25: NaN | E25: 0.473624 | F25: 1.5 | G25: NaN | H25: 1.730728 | I25: 0.481517 | J25: =H25/('Max capacities'!$E10) -> 0.013012992 | K25: =I25/('Max capacities'!$F10) -> 0.016050567 | T25: MSR | U25: NaN | V25: NaN | W25: 0.473624 | X25: 1.5 | Y25: NaN | Z25: 1.730728 | AA25: 0.481517 | AB25: =Z25/(0.5*'Max capacities'!$E10) -> 0.026025985 | AC25: =AA25/(0.5*'Max capacities'!$F10) -> 0.032101133 | AL25: MSR | AM25: NaN | AN25: NaN | AO25: 0.508412 | AP25: 1.5 | AQ25: NaN | AR25: 1.453381 | AS25: 0.549424 | AT25: =AR25/('Max capacities'!$F10) -> 0.048446033 | AU25: =AS25/('Max capacities'!$F10) -> 0.018314133 | AZ25: MSR | BA25: NaN | BB25: NaN | BC25: 0.47158 | BD25: 1.5 | BE25: NaN | BF25: 1.747523 | BG25: 0.477405 | BH25: =BF25/('Max capacities'!$E10) -> 0.013139271 | BI25: =BG25/('Max capacities'!$F10) -> 0.0159135 | BR25: MSR | BS25: NaN | BT25: NaN | BU25: 0.473624 | BV25: 1.5 | BW25: NaN | BX25: 1.730728 | BY25: 0.481517 | BZ25: =BX25/(0.5*'Max capacities'!$E10) -> 0.026025985 | CA25: =BY25/(0.5*'Max capacities'!$F10) -> 0.032101133 | CJ25: MSR | CK25: NaN | CL25: NaN | CM25: 0.47158 | CN25: 1.5 | CO25: NaN | CP25: 1.747523 | CQ25: 0.477405 | CR25: =CP25/(0.5*'Max capacities'!$E10) -> 0.026278541 | CS25: =CQ25/(0.5*'Max capacities'!$F10) -> 0.031827 | CX25: MSR | CY25: NaN | CZ25: NaN | DA25: 0.471733 | DB25: 1.5 | DC25: NaN | DD25: 1.657857 | DE25: 0.508657 | DF25: =DD25/(0.5*'Max capacities'!$E10) -> 0.02493018 | DG25: =DE25/(0.5*'Max capacities'!$F10) -> 0.033910467
B26: MTQ | C26: 41.4 | D26: NaN | E26: 111.63383 | F26: 11.313842 | G26: NaN | H26: 377.71073 | I26: 133.64536 | J26: =H26/('Max capacities'!$E11) -> 0.25180715 | K26: =I26/('Max capacities'!$F11) -> 0.33411339 | T26: MTQ | U26: 41.4 | V26: NaN | W26: 111.63383 | X26: 11.313842 | Y26: NaN | Z26: 377.71073 | AA26: 133.64536 | AB26: =Z26/(0.5*'Max capacities'!$E11) -> 0.5036143 | AC26: =AA26/(0.5*'Max capacities'!$F11) -> 0.66822678 | AL26: MTQ | AM26: 41.4 | AN26: NaN | AO26: 111.63383 | AP26: 11.313842 | AQ26: NaN | AR26: 377.71073 | AS26: 133.64536 | AT26: =AR26/('Max capacities'!$F11) -> 0.94427682 | AU26: =AS26/('Max capacities'!$F11) -> 0.33411339 | AZ26: MTQ | BA26: 41.4 | BB26: NaN | BC26: 105.36822 | BD26: 0 | BE26: NaN | BF26: 532.40166 | BG26: 106.13057 | BH26: =BF26/('Max capacities'!$E11) -> 0.35493444 | BI26: =BG26/('Max capacities'!$F11) -> 0.26532641 | BR26: MTQ | BS26: 41.4 | BT26: NaN | BU26: 105.92092 | BV26: 46.510924 | BW26: NaN | BX26: 167.52748 | BY26: 157.89911 | BZ26: =BX26/(0.5*'Max capacities'!$E11) -> 0.22336998 | CA26: =BY26/(0.5*'Max capacities'!$F11) -> 0.78949554 | CJ26: MTQ | CK26: 41.4 | CL26: NaN | CM26: 105.36822 | CN26: 0 | CO26: NaN | CP26: 532.40166 | CQ26: 106.13057 | CR26: =CP26/(0.5*'Max capacities'!$E11) -> 0.70986888 | CS26: =CQ26/(0.5*'Max capacities'!$F11) -> 0.53065282 | CX26: MTQ | CY26: 41.4 | CZ26: NaN | DA26: 95.369326 | DB26: 0 | DC26: NaN | DD26: 551.53169 | DE26: 108.67993 | DF26: =DD26/(0.5*'Max capacities'!$E11) -> 0.73537559 | DG26: =DE26/(0.5*'Max capacities'!$F11) -> 0.54339963
B27: SKN | C27: NaN | D27: NaN | E27: 12.747432 | F27: 13.558076 | G27: NaN | H27: 69.804635 | I27: 7.120325 | J27: =H27/('Max capacities'!$E12) -> 0.19944181 | K27: =I27/('Max capacities'!$F12) -> 0.07120325 | T27: SKN | U27: NaN | V27: NaN | W27: 12.747432 | X27: 13.558076 | Y27: NaN | Z27: 69.804635 | AA27: 7.120325 | AB27: =Z27/(0.5*'Max capacities'!$E12) -> 0.39888363 | AC27: =AA27/(0.5*'Max capacities'!$F12) -> 0.1424065 | AL27: SKN | AM27: NaN | AN27: NaN | AO27: 12.747432 | AP27: 13.558076 | AQ27: NaN | AR27: 69.804635 | AS27: 7.120325 | AT27: =AR27/('Max capacities'!$F12) -> 0.69804635 | AU27: =AS27/('Max capacities'!$F12) -> 0.07120325 | AZ27: SKN | BA27: NaN | BB27: NaN | BC27: 13.45312 | BD27: 10 | BE27: NaN | BF27: 89.664722 | BG27: 5.706248 | BH27: =BF27/('Max capacities'!$E12) -> 0.25618492 | BI27: =BG27/('Max capacities'!$F12) -> 0.05706248 | BR27: SKN | BS27: NaN | BT27: NaN | BU27: 11.727965 | BV27: 19.603967 | BW27: NaN | BX27: 36.355655 | BY27: 10.415983 | BZ27: =BX27/(0.5*'Max capacities'!$E12) -> 0.2077466 | CA27: =BY27/(0.5*'Max capacities'!$F12) -> 0.20831966 | CJ27: SKN | CK27: NaN | CL27: NaN | CM27: 13.45312 | CN27: 10 | CO27: NaN | CP27: 89.664722 | CQ27: 5.706248 | CR27: =CP27/(0.5*'Max capacities'!$E12) -> 0.51236984 | CS27: =CQ27/(0.5*'Max capacities'!$F12) -> 0.11412496 | CX27: SKN | CY27: NaN | CZ27: NaN | DA27: 13.017176 | DB27: 10 | DC27: NaN | DD27: 88.148376 | DE27: 6.704062 | DF27: =DD27/(0.5*'Max capacities'!$E12) -> 0.50370501 | DG27: =DE27/(0.5*'Max capacities'!$F12) -> 0.13408124
B28: SVG | C28: NaN | D28: NaN | E28: 8.200324 | F28: 0 | G28: 8 | H28: 21.096559 | I28: 19.613832 | J28: =H28/('Max capacities'!$E13) -> 0.045862085 | K28: =I28/('Max capacities'!$F13) -> 0.1634486 | T28: SVG | U28: NaN | V28: NaN | W28: 8.200324 | X28: 0 | Y28: 8 | Z28: 21.096559 | AA28: 19.613832 | AB28: =Z28/(0.5*'Max capacities'!$E13) -> 0.09172417 | AC28: =AA28/(0.5*'Max capacities'!$F13) -> 0.3268972 | AL28: SVG | AM28: NaN | AN28: NaN | AO28: 8.228808 | AP28: 0 | AQ28: 8 | AR28: 22.158096 | AS28: 19.139305 | AT28: =AR28/('Max capacities'!$F13) -> 0.1846508 | AU28: =AS28/('Max capacities'!$F13) -> 0.15949421 | AZ28: SVG | BA28: NaN | BB28: NaN | BC28: 8.200324 | BD28: 0 | BE28: 8 | BF28: 21.096559 | BG28: 19.613832 | BH28: =BF28/('Max capacities'!$E13) -> 0.045862085 | BI28: =BG28/('Max capacities'!$F13) -> 0.1634486 | BR28: SVG | BS28: NaN | BT28: NaN | BU28: 8.528115 | BV28: 0 | BW28: 8 | BX28: 24.202872 | BY28: 18.064452 | BZ28: =BX28/(0.5*'Max capacities'!$E13) -> 0.10522988 | CA28: =BY28/(0.5*'Max capacities'!$F13) -> 0.3010742 | CJ28: SVG | CK28: NaN | CL28: NaN | CM28: 8.200324 | CN28: 0 | CO28: 8 | CP28: 21.096559 | CQ28: 19.613832 | CR28: =CP28/(0.5*'Max capacities'!$E13) -> 0.09172417 | CS28: =CQ28/(0.5*'Max capacities'!$F13) -> 0.3268972 | CX28: SVG | CY28: NaN | CZ28: NaN | DA28: 8.200324 | DB28: 0 | DC28: 8 | DD28: 21.096559 | DE28: 19.613832 | DF28: =DD28/(0.5*'Max capacities'!$E13) -> 0.09172417 | DG28: =DE28/(0.5*'Max capacities'!$F13) -> 0.3268972
B29: Generation [GWh] | J29: solar pv fraction | K29: wind fraction | L29: total generation | M29: CO2 emissions [ktCO2] | N29: CO2 reduction [ktCO2] | O29: % CO2 reduction | P29: Cost of CO2 reduction [$/tCO2] | Q29: Marginal cost of add'l CO2 reduction (compared to no battery) [$/tCO2] | R29: Total cost of reduction (compared to current) [million US$] | T29: Generation [GWh] | AB29: solar pv fraction | AC29: wind fraction | AD29: total generation | AE29: CO2 emissions [ktCO2] | AF29: CO2 reduction [ktCO2] | AG29: % CO2 reduction | AH29: Cost of CO2 reduction [$/tCO2] | AI29: Marginal cost of add'l CO2 reduction (compared to no battery) [$/tCO2] | AJ29: Total cost of reduction (compared to current) [million US$] | AL29: Generation [GWh] | AT29: solar pv fraction | AU29: wind fraction | AV29: total generation | AW29: CO2 emissions [ktCO2] | AX29: Cost of CO2 reduction [$/tCO2] | AZ29: Generation [GWh] | BH29: solar pv fraction | BI29: wind fraction | BJ29: total generation | BK29: CO2 emissions [ktCO2] | BL29: CO2 reduction [ktCO2] | BM29: % CO2 reduction | BN29: Cost of CO2 reduction [$/tCO2] | BO29: Marginal cost of add'l CO2 reduction (compared to no battery) [$/tCO2] | BP29: Total cost of reduction (compared to current) [million US$] | BR29: Generation [GWh] | BZ29: solar pv fraction | CA29: wind fraction | CB29: total generation | CC29: CO2 emissions [ktCO2] | CD29: Cost of CO2 reduction [$/tCO2] | CJ29: Generation [GWh] | CR29: solar pv fraction | CS29: wind fraction | CT29: total generation | CU29: CO2 emissions [ktCO2] | CV29: Cost of CO2 reduction [$/tCO2] | CX29: Generation [GWh] | DF29: solar pv fraction | DG29: wind fraction | DH29: total generation | DI29: CO2 emissions [ktCO2] | DJ29: Cost of CO2 reduction [$/tCO2]
B30: Technology | C30: biomass | D30: coal | E30: diesel | F30: geothermal | G30: hydro | H30: solar pv | I30: wind | L30: =SUM(L32:L41) -> 6799.8106 | T30: Technology | U30: biomass | V30: coal | W30: diesel | X30: geothermal | Y30: hydro | Z30: solar pv | AA30: wind | AD30: =SUM(AD32:AD41) -> 6799.8106 | AL30: Technology | AM30: biomass | AN30: coal | AO30: diesel | AP30: geothermal | AQ30: hydro | AR30: solar pv | AS30: wind | AV30: =SUM(AV32:AV41) -> 6799.8106 | AZ30: Technology | BA30: biomass | BB30: coal | BC30: diesel | BD30: geothermal | BE30: hydro | BF30: solar pv | BG30: wind | BJ30: =SUM(BJ32:BJ41) -> 6799.8106 | BR30: Technology | BS30: biomass | BT30: coal | BU30: diesel | BV30: geothermal | BW30: hydro | BX30: solar pv | BY30: wind | CB30: =SUM(CB32:CB41) -> 6799.8106 | CJ30: Technology | CK30: biomass | CL30: coal | CM30: diesel | CN30: geothermal | CO30: hydro | CP30: solar pv | CQ30: wind | CT30: =SUM(CT32:CT41) -> 6799.8106 | CX30: Technology | CY30: biomass | CZ30: coal | DA30: diesel | DB30: geothermal | DC30: hydro | DD30: solar pv | DE30: wind | DH30: =SUM(DH32:DH41) -> 6799.8106
B31: Country | T31: Country | AL31: Country | AZ31: Country | BR31: Country | CJ31: Country | CX31: Country
B32: ATG | C32: NaN | D32: NaN | E32: 114.95953 | F32: NaN | G32: NaN | H32: 190.82146 | I32: 131.23505 | J32: =H32/(SUM(C32:I32)) -> 0.43664636 | K32: =I32/(SUM(D32:J32)) -> 0.29999827 | L32: =SUM(C32:I32) -> 437.01604 | M32: =E32*$BU$57 -> 75.873287 | N32: =(M32-'0. Current system'!$L32) -> -205.49808 | O32: =(M32-'0. Current system'!$L32)/'0. Current system'!$L32 -> -0.73034467 | P32: =-(G5-'0. Current system'!$G5)*$L32/(N32) -> -206.49477 | Q32: =-(G5-'1. Diesel, no storage'!$G5)*$L32/(M32-'1. Diesel, no storage'!$M32) -> -220.56838 | R32: =P32*N32/1000 -> 42.434278 | T32: ATG | U32: NaN | V32: NaN | W32: 114.95953 | X32: NaN | Y32: NaN | Z32: 190.74922 | AA32: 131.30729 | AB32: =Z32/(SUM($BS32:$BY32)) -> 0.43648105 | AC32: =AA32/(SUM($BS32:$BY32)) -> 0.30046332 | AD32: =SUM(U32:AA32) -> 437.01604 | AE32: =W32*$BU$57 -> 75.873287 | AF32: =-(AE32-'0. Current system'!$L32) -> 205.49808 | AG32: =(AE32-'0. Current system'!$L32)/'0. Current system'!$L32 -> -0.73034467 | AH32: =(Y5-'0. Current system'!$G5)*$L32/(AF32) -> -206.49477 | AI32: =-(Y5-'1. Diesel, no storage'!$G5)*$L32/(AE32-'1. Diesel, no storage'!$M32) -> -220.56838 | AJ32: =AH32*AF32/1000 -> -42.434278 | AL32: ATG | AM32: NaN | AN32: NaN | AO32: 114.95953 | AP32: NaN | AQ32: NaN | AR32: 190.77154 | AS32: 131.28497 | AT32: =AR32/(SUM(AM32:AS32)) -> 0.43653213 | AU32: =AS32/(SUM(AN32:AT32)) -> 0.30011247 | AV32: =SUM(AM32:AS32) -> 437.01604 | AW32: =AO32*$BU$57 -> 75.873287 | AX32: =-(AQ5-'0. Current system'!$G5)*SUM(AM32:AS32)/(AW32-'0. Current system'!$L32) -> -199.37514 | AZ32: ATG | BA32: NaN | BB32: NaN | BC32: 83.473933 | BD32: NaN | BE32: NaN | BF32: 275.60028 | BG32: 77.941832 | BH32: =BF32/(SUM($BS32:$BY32)) -> 0.6306411 | BI32: =BG32/(SUM($BS32:$BY32)) -> 0.17835005 | BJ32: =SUM(BA32:BG32) -> 437.01604 | BK32: =BC32*$BU$57 -> 55.092796 | BL32: =-(BK32-'0. Current system'!$L32) -> 226.27857 | BM32: =(BK32-'0. Current system'!$L32)/'0. Current system'!$L32 -> -0.804199 | BN32: =(BE5-'0. Current system'!$G5)*BJ32/(BL32) -> -199.19748 | BO32: =-(BE5-'1. Diesel, no storage'!$G5)*BJ32/(BK32-'1. Diesel, no storage'!$M32) -> -197.64047 | BP32: =BN32*BL32/1000 -> -45.074121 | BR32: ATG | BS32: NaN | BT32: NaN | BU32: 150.82275 | BV32: NaN | BW32: NaN | BX32: 98.711764 | BY32: 187.48152 | BZ32: =BX32/(SUM($BS32:$BY32)) -> 0.22587675 | CA32: =BY32/(SUM($BS32:$BY32)) -> 0.42900376 | CB32: =SUM(BS32:BY32) -> 437.01604 | CC32: =BU32*$BU$57 -> 99.543017 | CD32: =-(BW5-'0. Current system'!$G5)*SUM(BS32:BY32)/(CC32-'0. Current system'!$L32) -> -214.07145 | CJ32: ATG | CK32: NaN | CL32: NaN | CM32: 83.473933 | CN32: NaN | CO32: NaN | CP32: 275.58285 | CQ32: 77.959261 | CR32: =CP32/(SUM($BS32:$BY32)) -> 0.63060122 | CS32: =CQ32/(SUM($BS32:$BY32)) -> 0.17838993 | CT32: =SUM(CK32:CQ32) -> 437.01604 | CU32: =CM32*$BU$57 -> 55.092796 | CV32: =-(CO5-'0. Current system'!$G5)*SUM(CK32:CQ32)/(CU32-'0. Current system'!$L32) -> -199.19748 | CX32: ATG | CY32: NaN | CZ32: NaN | DA32: 69.72578 | DB32: NaN | DC32: NaN | DD32: 288.51666 | DE32: 78.773603 | DF32: =DD32/(SUM($BS32:$BY32)) -> 0.66019695 | DG32: =DE32/(SUM($BS32:$BY32)) -> 0.18025334 | DH32: =SUM(CY32:DE32) -> 437.01604 | DI32: =DA32*$BU$57 -> 46.019015 | DJ32: =-(DC5-'0. Current system'!$G5)*SUM(CY32:DE32)/(DI32-'0. Current system'!$L32) -> -194.00714
B33: BRB | C33: 73.790229 | D33: NaN | E33: 193.71793 | F33: NaN | G33: NaN | H33: 476.3926 | I33: 458.02135 | J33: =H33/(SUM(C33:I33)) -> 0.39635896 | K33: =I33/(SUM(D33:J33)) -> 0.40585724 | L33: =SUM(C33:I33) -> 1201.9221 | M33: =E33*$BU$57 -> 127.85383 | N33: =(M33-'0. Current system'!$L33) -> -539.52351 | O33: =(M33-'0. Current system'!$L33)/'0. Current system'!$L33 -> -0.80842348 | P33: =-(G6-'0. Current system'!$G6)*$L33/(N33) -> -207.28293 | Q33: =-(G6-'1. Diesel, no storage'!$G6)*$L33/(M33-'1. Diesel, no storage'!$M33) -> -239.69975 | R33: =P33*N33/1000 -> 111.83401 | T33: BRB | U33: 80.221585 | V33: NaN | W33: 252.87343 | X33: NaN | Y33: NaN | Z33: 498.95884 | AA33: 369.86825 | AB33: =Z33/(SUM($BS33:$BY33)) -> 0.41513409 | AC33: =AA33/(SUM($BS33:$BY33)) -> 0.30773063 | AD33: =SUM(U33:AA33) -> 1201.9221 | AE33: =W33*$BU$57 -> 166.89646 | AF33: =-(AE33-'0. Current system'!$L33) -> 500.48088 | AG33: =(AE33-'0. Current system'!$L33)/'0. Current system'!$L33 -> -0.74992189 | AH33: =(Y6-'0. Current system'!$G6)*$L33/(AF33) -> -201.05362 | AI33: =-(Y6-'1. Diesel, no storage'!$G6)*$L33/(AE33-'1. Diesel, no storage'!$M33) -> -224.60081 | AJ33: =AH33*AF33/1000 -> -100.62349 | AL33: BRB | AM33: 74.971932 | AN33: NaN | AO33: 208.27133 | AP33: NaN | AQ33: NaN | AR33: 420.59363 | AS33: 498.08521 | AT33: =AR33/(SUM(AM33:AS33)) -> 0.34993418 | AU33: =AS33/(SUM(AN33:AT33)) -> 0.44183905 | AV33: =SUM(AM33:AS33) -> 1201.9221 | AW33: =AO33*$BU$57 -> 137.45908 | AX33: =-(AQ6-'0. Current system'!$G6)*SUM(AM33:AS33)/(AW33-'0. Current system'!$L33) -> -203.26666 | AZ33: BRB | BA33: 69.730574 | BB33: NaN | BC33: 147.27303 | BD33: NaN | BE33: NaN | BF33: 610.63193 | BG33: 374.28657 | BH33: =BF33/(SUM($BS33:$BY33)) -> 0.50804617 | BI33: =BG33/(SUM($BS33:$BY33)) -> 0.31140668 | BJ33: =SUM(BA33:BG33) -> 1201.9221 | BK33: =BC33*$BU$57 -> 97.2002 | BL33: =-(BK33-'0. Current system'!$L33) -> 570.17714 | BM33: =(BK33-'0. Current system'!$L33)/'0. Current system'!$L33 -> -0.85435496 | BN33: =(BE6-'0. Current system'!$G6)*BJ33/(BL33) -> -199.41721 | BO33: =-(BE6-'1. Diesel, no storage'!$G6)*BJ33/(BK33-'1. Diesel, no storage'!$M33) -> -211.21824 | BP33: =BN33*BL33/1000 -> -113.70313 | BR33: BRB | BS33: 81.836977 | BT33: NaN | BU33: 353.54055 | BV33: NaN | BW33: NaN | BX33: 396.54132 | BY33: 370.00325 | BZ33: =BX33/(SUM($BS33:$BY33)) -> 0.32992265 | CA33: =BY33/(SUM($BS33:$BY33)) -> 0.30784296 | CB33: =SUM(BS33:BY33) -> 1201.9221 | CC33: =BU33*$BU$57 -> 233.33676 | CD33: =-(BW6-'0. Current system'!$G6)*SUM(BS33:BY33)/(CC33-'0. Current system'!$L33) -> -200.03701 | CJ33: BRB | CK33: 80.264573 | CL33: NaN | CM33: 252.60035 | CN33: NaN | CO33: NaN | CP33: 499.42537 | CQ33: 369.63181 | CR33: =CP33/(SUM($BS33:$BY33)) -> 0.41552224 | CS33: =CQ33/(SUM($BS33:$BY33)) -> 0.30753391 | CT33: =SUM(CK33:CQ33) -> 1201.9221 | CU33: =CM33*$BU$57 -> 166.71623 | CV33: =-(CO6-'0. Current system'!$G6)*SUM(CK33:CQ33)/(CU33-'0. Current system'!$L33) -> -201.43105 | CX33: BRB | CY33: 81.325965 | CZ33: NaN | DA33: 251.52621 | DB33: NaN | DC33: NaN | DD33: 499.21542 | DE33: 369.8545 | DF33: =DD33/(SUM($BS33:$BY33)) -> 0.41534757 | DG33: =DE33/(SUM($BS33:$BY33)) -> 0.30771919 | DH33: =SUM(CY33:DE33) -> 1201.9221 | DI33: =DA33*$BU$57 -> 166.0073 | DJ33: =-(DC6-'0. Current system'!$G6)*SUM(CY33:DE33)/(DI33-'0. Current system'!$L33) -> -198.71425
B34: DMA | C34: NaN | D34: NaN | E34: 0 | F34: 82.7372 | G34: 44.7437 | H34: 0 | I34: 0 | J34: =H34/(SUM(C34:I34)) -> 0 | K34: =I34/(SUM(D34:J34)) -> 0 | L34: =SUM(C34:I34) -> 127.4809 | M34: =E34*$BU$57 -> 0 | N34: =(M34-'0. Current system'!$L34) -> -45.978834 | O34: =(M34-'0. Current system'!$L34)/'0. Current system'!$L34 -> -1 | P34: =-(G7-'0. Current system'!$G7)*$L34/(N34) -> -47.932955 | R34: =P34*N34/1000 -> 2.2039014 | T34: DMA | U34: NaN | V34: NaN | W34: 0 | X34: 82.7372 | Y34: 44.7437 | Z34: 0 | AA34: 0 | AB34: =Z34/(SUM($BS34:$BY34)) -> 0 | AC34: =AA34/(SUM($BS34:$BY34)) -> 0 | AD34: =SUM(U34:AA34) -> 127.4809 | AE34: =W34*$BU$57 -> 0 | AF34: =-(AE34-'0. Current system'!$L34) -> 45.978834 | AG34: =(AE34-'0. Current system'!$L34)/'0. Current system'!$L34 -> -1 | AH34: =(Y7-'0. Current system'!$G7)*$L34/(AF34) -> -47.932955 | AJ34: =AH34*AF34/1000 -> -2.2039014 | AL34: DMA | AM34: NaN | AN34: NaN | AO34: 0 | AP34: 82.7372 | AQ34: 44.7437 | AR34: 0 | AS34: 0 | AT34: =AR34/(SUM(AM34:AS34)) -> 0 | AU34: =AS34/(SUM(AN34:AT34)) -> 0 | AV34: =SUM(AM34:AS34) -> 127.4809 | AW34: =AO34*$BU$57 -> 0 | AX34: =-(AQ7-'0. Current system'!$G7)*SUM(AM34:AS34)/(AW34-'0. Current system'!$L34) -> -47.932955 | AZ34: DMA | BA34: NaN | BB34: NaN | BC34: 0 | BD34: 82.7372 | BE34: 44.7437 | BF34: 0 | BG34: 0 | BH34: =BF34/(SUM($BS34:$BY34)) -> 0 | BI34: =BG34/(SUM($BS34:$BY34)) -> 0 | BJ34: =SUM(BA34:BG34) -> 127.4809 | BK34: =BC34*$BU$57 -> 0 | BL34: =-(BK34-'0. Current system'!$L34) -> 45.978834 | BM34: =(BK34-'0. Current system'!$L34)/'0. Current system'!$L34 -> -1 | BN34: =(BE7-'0. Current system'!$G7)*BJ34/(BL34) -> -47.932955 | BP34: =BN34*BL34/1000 -> -2.2039014 | BR34: DMA | BS34: NaN | BT34: NaN | BU34: 0 | BV34: 82.7372 | BW34: 44.7437 | BX34: 0 | BY34: 0 | BZ34: =BX34/(SUM($BS34:$BY34)) -> 0 | CA34: =BY34/(SUM($BS34:$BY34)) -> 0 | CB34: =SUM(BS34:BY34) -> 127.4809 | CC34: =BU34*$BU$57 -> 0 | CD34: =-(BW7-'0. Current system'!$G7)*SUM(BS34:BY34)/(CC34-'0. Current system'!$L34) -> -47.932955 | CJ34: DMA | CK34: NaN | CL34: NaN | CM34: 0 | CN34: 82.7372 | CO34: 44.7437 | CP34: 0 | CQ34: 0 | CR34: =CP34/(SUM($BS34:$BY34)) -> 0 | CS34: =CQ34/(SUM($BS34:$BY34)) -> 0 | CT34: =SUM(CK34:CQ34) -> 127.4809 | CU34: =CM34*$BU$57 -> 0 | CV34: =-(CO7-'0. Current system'!$G7)*SUM(CK34:CQ34)/(CU34-'0. Current system'!$L34) -> -47.932955 | CX34: DMA | CY34: NaN | CZ34: NaN | DA34: 0 | DB34: 82.7372 | DC34: 44.7437 | DD34: 0 | DE34: 0 | DF34: =DD34/(SUM($BS34:$BY34)) -> 0 | DG34: =DE34/(SUM($BS34:$BY34)) -> 0 | DH34: =SUM(CY34:DE34) -> 127.4809 | DI34: =DA34*$BU$57 -> 0 | DJ34: =-(DC7-'0. Current system'!$G7)*SUM(CY34:DE34)/(DI34-'0. Current system'!$L34) -> -47.932955
B35: GLP | C35: 57.913561 | D35: 0 | E35: 175.90243 | F35: 327.45144 | G35: 115.09758 | H35: 875.42827 | I35: 451.37691 | J35: =H35/(SUM(C35:I35)) -> 0.43702141 | K35: =I35/(SUM(D35:J35)) -> 0.23198766 | L35: =SUM(C35:I35) -> 2003.1702 | M35: =E35*$BU$57 -> 116.09561 | N35: =(M35-'0. Current system'!$L35) -> -890.01379 | O35: =(M35-'0. Current system'!$L35)/'0. Current system'!$L35 -> -0.88460936 | P35: =-(G8-'0. Current system'!$G8)*$L35/(N35) -> -184.8596 | Q35: =-(G8-'1. Diesel, no storage'!$G8)*$L35/(M35-'1. Diesel, no storage'!$M35) -> -225.14917 | R35: =P35*N35/1000 -> 164.52759 | T35: GLP | U35: 57.913561 | V35: 0 | W35: 175.90243 | X35: 327.45144 | Y35: 115.09758 | Z35: 875.57741 | AA35: 451.22778 | AB35: =Z35/(SUM($BS35:$BY35)) -> 0.43709586 | AC35: =AA35/(SUM($BS35:$BY35)) -> 0.22525683 | AD35: =SUM(U35:AA35) -> 2003.1702 | AE35: =W35*$BU$57 -> 116.09561 | AF35: =-(AE35-'0. Current system'!$L35) -> 890.01379 | AG35: =(AE35-'0. Current system'!$L35)/'0. Current system'!$L35 -> -0.88460936 | AH35: =(Y8-'0. Current system'!$G8)*$L35/(AF35) -> -184.8596 | AI35: =-(Y8-'1. Diesel, no storage'!$G8)*$L35/(AE35-'1. Diesel, no storage'!$M35) -> -225.14917 | AJ35: =AH35*AF35/1000 -> -164.52759 | AL35: GLP | AM35: 57.913561 | AN35: 0 | AO35: 175.90243 | AP35: 327.45144 | AQ35: 115.09758 | AR35: 875.46884 | AS35: 451.33634 | AT35: =AR35/(SUM(AM35:AS35)) -> 0.43704167 | AU35: =AS35/(SUM(AN35:AT35)) -> 0.2319668 | AV35: =SUM(AM35:AS35) -> 2003.1702 | AW35: =AO35*$BU$57 -> 116.09561 | AX35: =-(AQ8-'0. Current system'!$G8)*SUM(AM35:AS35)/(AW35-'0. Current system'!$L35) -> -177.34475 | AZ35: GLP | BA35: 56.893475 | BB35: 0 | BC35: 171.28144 | BD35: 105.33042 | BE35: 106.3156 | BF35: 1195.8274 | BG35: 367.52187 | BH35: =BF35/(SUM($BS35:$BY35)) -> 0.59696744 | BI35: =BG35/(SUM($BS35:$BY35)) -> 0.18347012 | BJ35: =SUM(BA35:BG35) -> 2003.1702 | BK35: =BC35*$BU$57 -> 113.04575 | BL35: =-(BK35-'0. Current system'!$L35) -> 893.06364 | BM35: =(BK35-'0. Current system'!$L35)/'0. Current system'!$L35 -> -0.88764069 | BN35: =(BE8-'0. Current system'!$G8)*BJ35/(BL35) -> -190.0458 | BO35: =-(BE8-'1. Diesel, no storage'!$G8)*BJ35/(BK35-'1. Diesel, no storage'!$M35) -> -243.56169 | BP35: =BN35*BL35/1000 -> -169.723 | BR35: GLP | BS35: 66.840906 | BT35: 0 | BU35: 283.32514 | BV35: 375.63854 | BW35: 120.95557 | BX35: 454.20038 | BY35: 702.20965 | BZ35: =BX35/(SUM($BS35:$BY35)) -> 0.22674078 | CA35: =BY35/(SUM($BS35:$BY35)) -> 0.35054917 | CB35: =SUM(BS35:BY35) -> 2003.1702 | CC35: =BU35*$BU$57 -> 186.99459 | CD35: =-(BW8-'0. Current system'!$G8)*SUM(BS35:BY35)/(CC35-'0. Current system'!$L35) -> -189.93968 | CJ35: GLP | CK35: 56.893475 | CL35: 0 | CM35: 171.28144 | CN35: 105.33042 | CO35: 106.3156 | CP35: 1195.7915 | CQ35: 367.55774 | CR35: =CP35/(SUM($BS35:$BY35)) -> 0.59694954 | CS35: =CQ35/(SUM($BS35:$BY35)) -> 0.18348802 | CT35: =SUM(CK35:CQ35) -> 2003.1702 | CU35: =CM35*$BU$57 -> 113.04575 | CV35: =-(CO8-'0. Current system'!$G8)*SUM(CK35:CQ35)/(CU35-'0. Current system'!$L35) -> -190.0458 | CX35: GLP | CY35: 46.984064 | CZ35: 0 | DA35: 126.08399 | DB35: 102.42247 | DC35: 100.66809 | DD35: 1272.7515 | DE35: 354.26007 | DF35: =DD35/(SUM($BS35:$BY35)) -> 0.63536864 | DG35: =DE35/(SUM($BS35:$BY35)) -> 0.17684971 | DH35: =SUM(CY35:DE35) -> 2003.1702 | DI35: =DA35*$BU$57 -> 83.215434 | DJ35: =-(DC8-'0. Current system'!$G8)*SUM(CY35:DE35)/(DI35-'0. Current system'!$L35) -> -184.49785
B36: GRD | C36: NaN | D36: NaN | E36: 53.166174 | F36: 21.048474 | G36: 0 | H36: 44.032939 | I36: 145.77111 | J36: =H36/(SUM(C36:I36)) -> 0.16677962 | K36: =I36/(SUM(D36:J36)) -> 0.55177565 | L36: =SUM(C36:I36) -> 264.0187 | M36: =E36*$BU$57 -> 35.089675 | N36: =(M36-'0. Current system'!$L36) -> -134.6203 | O36: =(M36-'0. Current system'!$L36)/'0. Current system'!$L36 -> -0.7932374 | P36: =-(G9-'0. Current system'!$G9)*$L36/(N36) -> -215.08932 | Q36: =-(G9-'1. Diesel, no storage'!$G9)*$L36/(M36-'1. Diesel, no storage'!$M36) -> 1376.8082 | R36: =P36*N36/1000 -> 28.955388 | T36: GRD | U36: NaN | V36: NaN | W36: 53.166174 | X36: 21.048474 | Y36: 0 | Z36: 44.028091 | AA36: 145.77596 | AB36: =Z36/(SUM($BS36:$BY36)) -> 0.16676126 | AC36: =AA36/(SUM($BS36:$BY36)) -> 0.55214256 | AD36: =SUM(U36:AA36) -> 264.0187 | AE36: =W36*$BU$57 -> 35.089675 | AF36: =-(AE36-'0. Current system'!$L36) -> 134.6203 | AG36: =(AE36-'0. Current system'!$L36)/'0. Current system'!$L36 -> -0.7932374 | AH36: =(Y9-'0. Current system'!$G9)*$L36/(AF36) -> -215.08932 | AI36: =-(Y9-'1. Diesel, no storage'!$G9)*$L36/(AE36-'1. Diesel, no storage'!$M36) -> 1376.8082 | AJ36: =AH36*AF36/1000 -> -28.955388 | AL36: GRD | AM36: NaN | AN36: NaN | AO36: 44.995382 | AP36: 43.747247 | AQ36: 0 | AR36: 40.320608 | AS36: 134.95546 | AT36: =AR36/(SUM(AM36:AS36)) -> 0.15271876 | AU36: =AS36/(SUM(AN36:AT36)) -> 0.51086323 | AV36: =SUM(AM36:AS36) -> 264.0187 | AW36: =AO36*$BU$57 -> 29.696952 | AX36: =-(AQ9-'0. Current system'!$G9)*SUM(AM36:AS36)/(AW36-'0. Current system'!$L36) -> -200.30335 | AZ36: GRD | BA36: NaN | BB36: NaN | BC36: 60.081522 | BD36: 0 | BE36: 0 | BF36: 51.817942 | BG36: 152.11924 | BH36: =BF36/(SUM($BS36:$BY36)) -> 0.19626618 | BI36: =BG36/(SUM($BS36:$BY36)) -> 0.57616842 | BJ36: =SUM(BA36:BG36) -> 264.0187 | BK36: =BC36*$BU$57 -> 39.653805 | BL36: =-(BK36-'0. Current system'!$L36) -> 130.05617 | BM36: =(BK36-'0. Current system'!$L36)/'0. Current system'!$L36 -> -0.7663437 | BN36: =(BE9-'0. Current system'!$G9)*BJ36/(BL36) -> -223.40202 | BO36: =-(BE9-'1. Diesel, no storage'!$G9)*BJ36/(BK36-'1. Diesel, no storage'!$M36) -> 744.22623 | BP36: =BN36*BL36/1000 -> -29.05481 | BR36: GRD | BS36: NaN | BT36: NaN | BU36: 38.77808 | BV36: 80.610108 | BW36: 0 | BX36: 33.78074 | BY36: 110.84977 | BZ36: =BX36/(SUM($BS36:$BY36)) -> 0.12794829 | CA36: =BY36/(SUM($BS36:$BY36)) -> 0.41985576 | CB36: =SUM(BS36:BY36) -> 264.0187 | CC36: =BU36*$BU$57 -> 25.593533 | CD36: =-(BW9-'0. Current system'!$G9)*SUM(BS36:BY36)/(CC36-'0. Current system'!$L36) -> -194.12545 | CJ36: GRD | CK36: NaN | CL36: NaN | CM36: 60.081522 | CN36: 0 | CO36: 0 | CP36: 51.834828 | CQ36: 152.10235 | CR36: =CP36/(SUM($BS36:$BY36)) -> 0.19633014 | CS36: =CQ36/(SUM($BS36:$BY36)) -> 0.57610446 | CT36: =SUM(CK36:CQ36) -> 264.0187 | CU36: =CM36*$BU$57 -> 39.653805 | CV36: =-(CO9-'0. Current system'!$G9)*SUM(CK36:CQ36)/(CU36-'0. Current system'!$L36) -> -223.40202 | CX36: GRD | CY36: NaN | CZ36: NaN | DA36: 59.772716 | DB36: 0 | DC36: 0 | DD36: 53.568156 | DE36: 150.67783 | DF36: =DD36/(SUM($BS36:$BY36)) -> 0.20289531 | DG36: =DE36/(SUM($BS36:$BY36)) -> 0.57070892 | DH36: =SUM(CY36:DE36) -> 264.0187 | DI36: =DA36*$BU$57 -> 39.449993 | DJ36: =-(DC9-'0. Current system'!$G9)*SUM(CY36:DE36)/(DI36-'0. Current system'!$L36) -> -223.2477
B37: LCA | C37: NaN | D37: NaN | E37: 67.925868 | F37: 87.06794 | G37: NaN | H37: 186.89073 | I37: 131.55487 | J37: =H37/(SUM(C37:I37)) -> 0.3947511 | K37: =I37/(SUM(D37:J37)) -> 0.27763906 | L37: =SUM(C37:I37) -> 473.4394 | M37: =E37*$BU$57 -> 44.831073 | N37: =(M37-'0. Current system'!$L37) -> -258.28914 | O37: =(M37-'0. Current system'!$L37)/'0. Current system'!$L37 -> -0.85210134 | P37: =-(G10-'0. Current system'!$G10)*$L37/(N37) -> -194.68677 | Q37: =-(G10-'1. Diesel, no storage'!$G10)*$L37/(M37-'1. Diesel, no storage'!$M37) -> -822.20357 | R37: =P37*N37/1000 -> 50.28548 | T37: LCA | U37: NaN | V37: NaN | W37: 67.925868 | X37: 87.06794 | Y37: NaN | Z37: 186.88008 | AA37: 131.56552 | AB37: =Z37/(SUM($BS37:$BY37)) -> 0.39472861 | AC37: =AA37/(SUM($BS37:$BY37)) -> 0.27789305 | AD37: =SUM(U37:AA37) -> 473.4394 | AE37: =W37*$BU$57 -> 44.831073 | AF37: =-(AE37-'0. Current system'!$L37) -> 258.28914 | AG37: =(AE37-'0. Current system'!$L37)/'0. Current system'!$L37 -> -0.85210134 | AH37: =(Y10-'0. Current system'!$G10)*$L37/(AF37) -> -194.68677 | AI37: =-(Y10-'1. Diesel, no storage'!$G10)*$L37/(AE37-'1. Diesel, no storage'!$M37) -> -822.20357 | AJ37: =AH37*AF37/1000 -> -50.28548 | AL37: LCA | AM37: NaN | AN37: NaN | AO37: 67.348399 | AP37: 95.770056 | AQ37: NaN | AR37: 176.27774 | AS37: 134.0432 | AT37: =AR37/(SUM(AM37:AS37)) -> 0.37233433 | AU37: =AS37/(SUM(AN37:AT37)) -> 0.28290393 | AV37: =SUM(AM37:AS37) -> 473.4394 | AW37: =AO37*$BU$57 -> 44.449943 | AX37: =-(AQ10-'0. Current system'!$G10)*SUM(AM37:AS37)/(AW37-'0. Current system'!$L37) -> -188.34633 | AZ37: LCA | BA37: NaN | BB37: NaN | BC37: 78.653888 | BD37: 15.158052 | BE37: NaN | BF37: 249.37317 | BG37: 130.2543 | BH37: =BF37/(SUM($BS37:$BY37)) -> 0.52672668 | BI37: =BG37/(SUM($BS37:$BY37)) -> 0.27512348 | BJ37: =SUM(BA37:BG37) -> 473.4394 | BK37: =BC37*$BU$57 -> 51.911566 | BL37: =-(BK37-'0. Current system'!$L37) -> 251.20865 | BM37: =(BK37-'0. Current system'!$L37)/'0. Current system'!$L37 -> -0.82874265 | BN37: =(BE10-'0. Current system'!$G10)*BJ37/(BL37) -> -203.51139 | BO37: =-(BE10-'1. Diesel, no storage'!$G10)*BJ37/(BK37-'1. Diesel, no storage'!$M37) -> -1871.7193 | BP37: =BN37*BL37/1000 -> -51.123822 | BR37: LCA | BS37: NaN | BT37: NaN | BU37: 63.854097 | BV37: 159.34046 | BW37: NaN | BX37: 82.521304 | BY37: 167.72354 | BZ37: =BX37/(SUM($BS37:$BY37)) -> 0.17430172 | CA37: =BY37/(SUM($BS37:$BY37)) -> 0.35426612 | CB37: =SUM(BS37:BY37) -> 473.4394 | CC37: =BU37*$BU$57 -> 42.143704 | CD37: =-(BW10-'0. Current system'!$G10)*SUM(BS37:BY37)/(CC37-'0. Current system'!$L37) -> -188.9137 | CJ37: LCA | CK37: NaN | CL37: NaN | CM37: 78.653888 | CN37: 15.158052 | CO37: NaN | CP37: 249.37399 | CQ37: 130.25347 | CR37: =CP37/(SUM($BS37:$BY37)) -> 0.52672843 | CS37: =CQ37/(SUM($BS37:$BY37)) -> 0.27512173 | CT37: =SUM(CK37:CQ37) -> 473.4394 | CU37: =CM37*$BU$57 -> 51.911566 | CV37: =-(CO10-'0. Current system'!$G10)*SUM(CK37:CQ37)/(CU37-'0. Current system'!$L37) -> -203.51139 | CX37: LCA | CY37: NaN | CZ37: NaN | DA37: 69.338666 | DB37: 0 | DC37: NaN | DD37: 289.86961 | DE37: 114.23113 | DF37: =DD37/(SUM($BS37:$BY37)) -> 0.61226338 | DG37: =DE37/(SUM($BS37:$BY37)) -> 0.2412793 | DH37: =SUM(CY37:DE37) -> 473.4394 | DI37: =DA37*$BU$57 -> 45.76352 | DJ37: =-(DC10-'0. Current system'!$G10)*SUM(CY37:DE37)/(DI37-'0. Current system'!$L37) -> -199.53791
B38: MSR | C38: NaN | D38: NaN | E38: 0.375627 | F38: 10.822323 | G38: NaN | H38: 3.058062 | I38: 2.134509 | J38: =H38/(SUM(C38:I38)) -> 0.18657503 | K38: =I38/(SUM(D38:J38)) -> 0.12876254 | L38: =SUM(C38:I38) -> 16.390521 | M38: =E38*$BU$57 -> 0.24791382 | N38: =(M38-'0. Current system'!$L38) -> -9.3963223 | O38: =(M38-'0. Current system'!$L38)/'0. Current system'!$L38 -> -0.97429409 | P38: =-(G11-'0. Current system'!$G11)*$L38/(N38) -> -148.75199 | Q38: =-(G11-'1. Diesel, no storage'!$G11)*$L38/(M38-'1. Diesel, no storage'!$M38) -> -293.17673 | R38: =P38*N38/1000 -> 1.3977216 | T38: MSR | U38: NaN | V38: NaN | W38: 0.375627 | X38: 10.822323 | Y38: NaN | Z38: 3.058111 | AA38: 2.13446 | AB38: =Z38/(SUM($BS38:$BY38)) -> 0.18657802 | AC38: =AA38/(SUM($BS38:$BY38)) -> 0.13022527 | AD38: =SUM(U38:AA38) -> 16.390521 | AE38: =W38*$BU$57 -> 0.24791382 | AF38: =-(AE38-'0. Current system'!$L38) -> 9.3963223 | AG38: =(AE38-'0. Current system'!$L38)/'0. Current system'!$L38 -> -0.97429409 | AH38: =(Y11-'0. Current system'!$G11)*$L38/(AF38) -> -148.75199 | AI38: =-(Y11-'1. Diesel, no storage'!$G11)*$L38/(AE38-'1. Diesel, no storage'!$M38) -> -293.17673 | AJ38: =AH38*AF38/1000 -> -1.3977216 | AL38: MSR | AM38: NaN | AN38: NaN | AO38: 0.476243 | AP38: 10.907494 | AQ38: NaN | AR38: 2.57031 | AS38: 2.436473 | AT38: =AR38/(SUM(AM38:AS38)) -> 0.15681687 | AU38: =AS38/(SUM(AN38:AT38)) -> 0.14724261 | AV38: =SUM(AM38:AS38) -> 16.39052 | AW38: =AO38*$BU$57 -> 0.31432038 | AX38: =-(AQ11-'0. Current system'!$G11)*SUM(AM38:AS38)/(AW38-'0. Current system'!$L38) -> -147.58245 | AZ38: MSR | BA38: NaN | BB38: NaN | BC38: 0.370414 | BD38: 10.816392 | BE38: NaN | BF38: 3.087829 | BG38: 2.115885 | BH38: =BF38/(SUM($BS38:$BY38)) -> 0.18839114 | BI38: =BG38/(SUM($BS38:$BY38)) -> 0.12909199 | BJ38: =SUM(BA38:BG38) -> 16.39052 | BK38: =BC38*$BU$57 -> 0.24447324 | BL38: =-(BK38-'0. Current system'!$L38) -> 9.3997629 | BM38: =(BK38-'0. Current system'!$L38)/'0. Current system'!$L38 -> -0.97465084 | BN38: =(BE11-'0. Current system'!$G11)*BJ38/(BL38) -> -148.84673 | BO38: =-(BE11-'1. Diesel, no storage'!$G11)*BJ38/(BK38-'1. Diesel, no storage'!$M38) -> -293.47829 | BP38: =BN38*BL38/1000 -> -1.399124 | BR38: MSR | BS38: NaN | BT38: NaN | BU38: 0.375627 | BV38: 10.822323 | BW38: NaN | BX38: 3.057961 | BY38: 2.13461 | BZ38: =BX38/(SUM($BS38:$BY38)) -> 0.18656887 | CA38: =BY38/(SUM($BS38:$BY38)) -> 0.13023442 | CB38: =SUM(BS38:BY38) -> 16.390521 | CC38: =BU38*$BU$57 -> 0.24791382 | CD38: =-(BW11-'0. Current system'!$G11)*SUM(BS38:BY38)/(CC38-'0. Current system'!$L38) -> -148.66097 | CJ38: MSR | CK38: NaN | CL38: NaN | CM38: 0.370414 | CN38: 10.816392 | CO38: NaN | CP38: 3.087992 | CQ38: 2.115722 | CR38: =CP38/(SUM($BS38:$BY38)) -> 0.18840109 | CS38: =CQ38/(SUM($BS38:$BY38)) -> 0.12908205 | CT38: =SUM(CK38:CQ38) -> 16.39052 | CU38: =CM38*$BU$57 -> 0.24447324 | CV38: =-(CO11-'0. Current system'!$G11)*SUM(CK38:CQ38)/(CU38-'0. Current system'!$L38) -> -148.84673 | CX38: MSR | CY38: NaN | CZ38: NaN | DA38: 0.373595 | DB38: 10.830412 | DC38: NaN | DD38: 2.931407 | DE38: 2.255105 | DF38: =DD38/(SUM($BS38:$BY38)) -> 0.1788477 | DG38: =DE38/(SUM($BS38:$BY38)) -> 0.13758593 | DH38: =SUM(CY38:DE38) -> 16.390519 | DI38: =DA38*$BU$57 -> 0.2465727 | DJ38: =-(DC11-'0. Current system'!$G11)*SUM(CY38:DE38)/(DI38-'0. Current system'!$L38) -> -148.7573
B39: MTQ | C39: 272.04226 | D39: NaN | E39: 141.09494 | F39: 86.50546 | G39: NaN | H39: 664.91519 | I39: 656.51545 | J39: =H39/(SUM(C39:I39)) -> 0.36512269 | K39: =I39/(SUM(D39:J39)) -> 0.42372343 | L39: =SUM(C39:I39) -> 1821.0733 | M39: =E39*$BU$57 -> 93.122662 | N39: =(M39-'0. Current system'!$L39) -> -736.82054 | O39: =(M39-'0. Current system'!$L39)/'0. Current system'!$L39 -> -0.88779634 | P39: =-(G12-'0. Current system'!$G12)*$L39/(N39) -> -229.5384 | Q39: =-(G12-'1. Diesel, no storage'!$G12)*$L39/(M39-'1. Diesel, no storage'!$M39) -> -425.67836 | R39: =P39*N39/1000 -> 169.12861 | T39: MTQ | U39: 272.04226 | V39: NaN | W39: 141.09494 | X39: 86.50546 | Y39: NaN | Z39: 664.90277 | AA39: 656.52786 | AB39: =Z39/(SUM($BS39:$BY39)) -> 0.36511588 | AC39: =AA39/(SUM($BS39:$BY39)) -> 0.36051699 | AD39: =SUM(U39:AA39) -> 1821.0733 | AE39: =W39*$BU$57 -> 93.122662 | AF39: =-(AE39-'0. Current system'!$L39) -> 736.82054 | AG39: =(AE39-'0. Current system'!$L39)/'0. Current system'!$L39 -> -0.88779634 | AH39: =(Y12-'0. Current system'!$G12)*$L39/(AF39) -> -229.5384 | AI39: =-(Y12-'1. Diesel, no storage'!$G12)*$L39/(AE39-'1. Diesel, no storage'!$M39) -> -425.67836 | AJ39: =AH39*AF39/1000 -> -169.12861 | AL39: MTQ | AM39: 272.04226 | AN39: NaN | AO39: 141.09494 | AP39: 86.50546 | AQ39: NaN | AR39: 664.91293 | AS39: 656.51771 | AT39: =AR39/(SUM(AM39:AS39)) -> 0.36512145 | AU39: =AS39/(SUM(AN39:AT39)) -> 0.42372488 | AV39: =SUM(AM39:AS39) -> 1821.0733 | AW39: =AO39*$BU$57 -> 93.122662 | AX39: =-(AQ12-'0. Current system'!$G12)*SUM(AM39:AS39)/(AW39-'0. Current system'!$L39) -> -222.44678 | AZ39: MTQ | BA39: 255.99801 | BB39: NaN | BC39: 109.21663 | BD39: 0 | BE39: NaN | BF39: 934.91098 | BG39: 520.94768 | BH39: =BF39/(SUM($BS39:$BY39)) -> 0.5133846 | BI39: =BG39/(SUM($BS39:$BY39)) -> 0.28606629 | BJ39: =SUM(BA39:BG39) -> 1821.0733 | BK39: =BC39*$BU$57 -> 72.082975 | BL39: =-(BK39-'0. Current system'!$L39) -> 757.86023 | BM39: =(BK39-'0. Current system'!$L39)/'0. Current system'!$L39 -> -0.9131471 | BN39: =(BE12-'0. Current system'!$G12)*BJ39/(BL39) -> -227.43519 | BO39: =-(BE12-'1. Diesel, no storage'!$G12)*BJ39/(BK39-'1. Diesel, no storage'!$M39) -> -382.31795 | BP39: =BN39*BL39/1000 -> -172.36409 | BR39: MTQ | BS39: 256.92088 | BT39: NaN | BU39: 134.3624 | BV39: 356.99857 | BW39: NaN | BX39: 296.23567 | BY39: 776.55579 | BZ39: =BX39/(SUM($BS39:$BY39)) -> 0.16267092 | CA39: =BY39/(SUM($BS39:$BY39)) -> 0.42642753 | CB39: =SUM(BS39:BY39) -> 1821.0733 | CC39: =BU39*$BU$57 -> 88.679183 | CD39: =-(BW12-'0. Current system'!$G12)*SUM(BS39:BY39)/(CC39-'0. Current system'!$L39) -> -221.20919 | CJ39: MTQ | CK39: 255.99801 | CL39: NaN | CM39: 109.21663 | CN39: 0 | CO39: NaN | CP39: 935.02786 | CQ39: 520.8308 | CR39: =CP39/(SUM($BS39:$BY39)) -> 0.51344878 | CS39: =CQ39/(SUM($BS39:$BY39)) -> 0.28600211 | CT39: =SUM(CK39:CQ39) -> 1821.0733 | CU39: =CM39*$BU$57 -> 72.082975 | CV39: =-(CO12-'0. Current system'!$G12)*SUM(CK39:CQ39)/(CU39-'0. Current system'!$L39) -> -227.43519 | CX39: MTQ | CY39: 237.05567 | CZ39: NaN | DA39: 82.825806 | DB39: 0 | DC39: NaN | DD39: 968.18367 | DE39: 533.00816 | DF39: =DD39/(SUM($BS39:$BY39)) -> 0.53165552 | DG39: =DE39/(SUM($BS39:$BY39)) -> 0.29268902 | DH39: =SUM(CY39:DE39) -> 1821.0733 | DI39: =DA39*$BU$57 -> 54.665032 | DJ39: =-(DC12-'0. Current system'!$G12)*SUM(CY39:DE39)/(DI39-'0. Current system'!$L39) -> -223.77997
B40: SKN | C40: NaN | D40: NaN | E40: 21.569506 | F40: 99.524208 | G40: NaN | H40: 121.51758 | I40: 30.57156 | J40: =H40/(SUM(C40:I40)) -> 0.44482139 | K40: =I40/(SUM(D40:J40)) -> 0.11172686 | L40: =SUM(C40:I40) -> 273.18285 | M40: =E40*$BU$57 -> 14.235874 | N40: =(M40-'0. Current system'!$L40) -> -158.01416 | O40: =(M40-'0. Current system'!$L40)/'0. Current system'!$L40 -> -0.91735343 | P40: =-(G13-'0. Current system'!$G13)*$L40/(N40) -> -167.31356 | Q40: =-(G13-'1. Diesel, no storage'!$G13)*$L40/(M40-'1. Diesel, no storage'!$M40) -> -2098.9402 | R40: =P40*N40/1000 -> 26.437911 | T40: SKN | U40: NaN | V40: NaN | W40: 21.569506 | X40: 99.524208 | Y40: NaN | Z40: 121.53033 | AA40: 30.558805 | AB40: =Z40/(SUM($BS40:$BY40)) -> 0.44486808 | AC40: =AA40/(SUM($BS40:$BY40)) -> 0.11186209 | AD40: =SUM(U40:AA40) -> 273.18285 | AE40: =W40*$BU$57 -> 14.235874 | AF40: =-(AE40-'0. Current system'!$L40) -> 158.01416 | AG40: =(AE40-'0. Current system'!$L40)/'0. Current system'!$L40 -> -0.91735343 | AH40: =(Y13-'0. Current system'!$G13)*$L40/(AF40) -> -167.31356 | AI40: =-(Y13-'1. Diesel, no storage'!$G13)*$L40/(AE40-'1. Diesel, no storage'!$M40) -> -2098.9402 | AJ40: =AH40*AF40/1000 -> -26.437911 | AL40: SKN | AM40: NaN | AN40: NaN | AO40: 21.569506 | AP40: 99.524208 | AQ40: NaN | AR40: 121.52259 | AS40: 30.566547 | AT40: =AR40/(SUM(AM40:AS40)) -> 0.44483974 | AU40: =AS40/(SUM(AN40:AT40)) -> 0.11170853 | AV40: =SUM(AM40:AS40) -> 273.18285 | AW40: =AO40*$BU$57 -> 14.235874 | AX40: =-(AQ13-'0. Current system'!$G13)*SUM(AM40:AS40)/(AW40-'0. Current system'!$L40) -> -161.36128 | AZ40: SKN | BA40: NaN | BB40: NaN | BC40: 20.68419 | BD40: 71.632521 | BE40: NaN | BF40: 156.36526 | BG40: 24.500878 | BH40: =BF40/(SUM($BS40:$BY40)) -> 0.57238315 | BI40: =BG40/(SUM($BS40:$BY40)) -> 0.089686735 | BJ40: =SUM(BA40:BG40) -> 273.18285 | BK40: =BC40*$BU$57 -> 13.651565 | BL40: =-(BK40-'0. Current system'!$L40) -> 158.59847 | BM40: =(BK40-'0. Current system'!$L40)/'0. Current system'!$L40 -> -0.92074564 | BN40: =(BE13-'0. Current system'!$G13)*BJ40/(BL40) -> -170.00579 | BO40: =-(BE13-'1. Diesel, no storage'!$G13)*BJ40/(BK40-'1. Diesel, no storage'!$M40) -> -1888.0963 | BP40: =BN40*BL40/1000 -> -26.962658 | BR40: SKN | BS40: NaN | BT40: NaN | BU40: 18.75827 | BV40: 145.58279 | BW40: NaN | BX40: 63.945356 | BY40: 44.89644 | BZ40: =BX40/(SUM($BS40:$BY40)) -> 0.23407529 | CA40: =BY40/(SUM($BS40:$BY40)) -> 0.16434575 | CB40: =SUM(BS40:BY40) -> 273.18285 | CC40: =BU40*$BU$57 -> 12.380458 | CD40: =-(BW13-'0. Current system'!$G13)*SUM(BS40:BY40)/(CC40-'0. Current system'!$L40) -> -159.30746 | CJ40: SKN | CK40: NaN | CL40: NaN | CM40: 20.68419 | CN40: 71.632521 | CO40: NaN | CP40: 156.37041 | CQ40: 24.495725 | CR40: =CP40/(SUM($BS40:$BY40)) -> 0.57240201 | CS40: =CQ40/(SUM($BS40:$BY40)) -> 0.089667872 | CT40: =SUM(CK40:CQ40) -> 273.18285 | CU40: =CM40*$BU$57 -> 13.651565 | CV40: =-(CO13-'0. Current system'!$G13)*SUM(CK40:CQ40)/(CU40-'0. Current system'!$L40) -> -170.00579 | CX40: SKN | CY40: NaN | CZ40: NaN | DA40: 19.188709 | DB40: 71.715801 | DC40: NaN | DD40: 153.54221 | DE40: 28.736128 | DF40: =DD40/(SUM($BS40:$BY40)) -> 0.56204924 | DG40: =DE40/(SUM($BS40:$BY40)) -> 0.10519009 | DH40: =SUM(CY40:DE40) -> 273.18285 | DI40: =DA40*$BU$57 -> 12.664548 | DJ40: =-(DC13-'0. Current system'!$G13)*SUM(CY40:DE40)/(DI40-'0. Current system'!$L40) -> -168.56489
B41: SVG | C41: NaN | D41: NaN | E41: 8.64516 | F41: 0 | G41: 43.4494 | H41: 36.770149 | I41: 93.251891 | J41: =H41/(SUM(C41:I41)) -> 0.20190443 | K41: =I41/(SUM(D41:J41)) -> 0.51147793 | L41: =SUM(C41:I41) -> 182.1166 | M41: =E41*$BU$57 -> 5.7058056 | N41: =(M41-'0. Current system'!$L41) -> -80.021704 | O41: =(M41-'0. Current system'!$L41)/'0. Current system'!$L41 -> -0.93344254 | P41: =-(G14-'0. Current system'!$G14)*$L41/(N41) -> -239.94571 | Q41: =-(G14-'1. Diesel, no storage'!$G14)*$L41/(M41-'1. Diesel, no storage'!$M41) -> -267.97653 | R41: =P41*N41/1000 -> 19.200864 | T41: SVG | U41: NaN | V41: NaN | W41: 8.64516 | X41: 0 | Y41: 43.4494 | Z41: 36.765751 | AA41: 93.256289 | AB41: =Z41/(SUM($BS41:$BY41)) -> 0.20188028 | AC41: =AA41/(SUM($BS41:$BY41)) -> 0.51206913 | AD41: =SUM(U41:AA41) -> 182.1166 | AE41: =W41*$BU$57 -> 5.7058056 | AF41: =-(AE41-'0. Current system'!$L41) -> 80.021704 | AG41: =(AE41-'0. Current system'!$L41)/'0. Current system'!$L41 -> -0.93344254 | AH41: =(Y14-'0. Current system'!$G14)*$L41/(AF41) -> -239.94571 | AI41: =-(Y14-'1. Diesel, no storage'!$G14)*$L41/(AE41-'1. Diesel, no storage'!$M41) -> -267.97653 | AJ41: =AH41*AF41/1000 -> -19.200864 | AL41: SVG | AM41: NaN | AN41: NaN | AO41: 8.601283 | AP41: 0 | AQ41: 43.840467 | AR41: 38.621444 | AS41: 91.053406 | AT41: =AR41/(SUM(AM41:AS41)) -> 0.21206987 | AU41: =AS41/(SUM(AN41:AT41)) -> 0.4993916 | AV41: =SUM(AM41:AS41) -> 182.1166 | AW41: =AO41*$BU$57 -> 5.6768468 | AX41: =-(AQ14-'0. Current system'!$G14)*SUM(AM41:AS41)/(AW41-'0. Current system'!$L41) -> -235.31098 | AZ41: SVG | BA41: NaN | BB41: NaN | BC41: 8.64516 | BD41: 0 | BE41: 43.4494 | BF41: 36.772382 | BG41: 93.249658 | BH41: =BF41/(SUM($BS41:$BY41)) -> 0.2019167 | BI41: =BG41/(SUM($BS41:$BY41)) -> 0.51203272 | BJ41: =SUM(BA41:BG41) -> 182.1166 | BK41: =BC41*$BU$57 -> 5.7058056 | BL41: =-(BK41-'0. Current system'!$L41) -> 80.021704 | BM41: =(BK41-'0. Current system'!$L41)/'0. Current system'!$L41 -> -0.93344254 | BN41: =(BE14-'0. Current system'!$G14)*BJ41/(BL41) -> -240.23642 | BO41: =-(BE14-'1. Diesel, no storage'!$G14)*BJ41/(BK41-'1. Diesel, no storage'!$M41) -> -270.3983 | BP41: =BN41*BL41/1000 -> -19.224128 | BR41: SVG | BS41: NaN | BT41: NaN | BU41: 8.79824 | BV41: 0 | BW41: 45.084212 | BX41: 42.196459 | BY41: 86.037689 | BZ41: =BX41/(SUM($BS41:$BY41)) -> 0.23170023 | CA41: =BY41/(SUM($BS41:$BY41)) -> 0.47243189 | CB41: =SUM(BS41:BY41) -> 182.1166 | CC41: =BU41*$BU$57 -> 5.8068384 | CD41: =-(BW14-'0. Current system'!$G14)*SUM(BS41:BY41)/(CC41-'0. Current system'!$L41) -> -239.2773 | CJ41: SVG | CK41: NaN | CL41: NaN | CM41: 8.64516 | CN41: 0 | CO41: 43.4494 | CP41: 36.767546 | CQ41: 93.254494 | CR41: =CP41/(SUM($BS41:$BY41)) -> 0.20189014 | CS41: =CQ41/(SUM($BS41:$BY41)) -> 0.51205927 | CT41: =SUM(CK41:CQ41) -> 182.1166 | CU41: =CM41*$BU$57 -> 5.7058056 | CV41: =-(CO14-'0. Current system'!$G14)*SUM(CK41:CQ41)/(CU41-'0. Current system'!$L41) -> -240.23642 | CX41: SVG | CY41: NaN | CZ41: NaN | DA41: 8.654277 | DB41: 0 | DC41: 43.451227 | DD41: 36.768457 | DE41: 93.24264 | DF41: =DD41/(SUM($BS41:$BY41)) -> 0.20189514 | DG41: =DE41/(SUM($BS41:$BY41)) -> 0.51199418 | DH41: =SUM(CY41:DE41) -> 182.1166 | DI41: =DA41*$BU$57 -> 5.7118228 | DJ41: =-(DC14-'0. Current system'!$G14)*SUM(CY41:DE41)/(DI41-'0. Current system'!$L41) -> -240.342
L42: diesel fraction | AE42: Diesel fraction
B43: ATG | C43: =C32/(C19*8.76) -> #VALUE! | D43: =D32/(D19*8.76) -> #VALUE! | E43: =E32/(E19*8.76) -> 0.33875158 | F43: =F32/(F19*8.76) -> #VALUE! | G43: =G32/(G19*8.76) -> #VALUE! | H43: =H32/(H19*8.76) -> 0.20116554 | I43: =I32/(I19*8.76) -> 0.50464512 | L43: =E32/L32 -> 0.26305562 | T43: ATG | U43: =U32/(U19*8.76) -> #VALUE! | V43: =V32/(V19*8.76) -> #VALUE! | W43: =W32/(W19*8.76) -> 0.33875158 | X43: =X32/(X19*8.76) -> #VALUE! | Y43: =Y32/(Y19*8.76) -> #VALUE! | Z43: =Z32/(Z19*8.76) -> 0.20108938 | AA43: =AA32/(AA19*8.76) -> 0.50492292 | AE43: =W32/SUM(U32:AA32) -> 0.26305562 | AH43: =AVERAGE(AH32:AH41) -> -183.56667 | AL43: ATG | AM43: =AM32/(AM19*8.76) -> #VALUE! | AN43: =AN32/(AN19*8.76) -> #VALUE! | AO43: =AO32/(AO19*8.76) -> 0.33875158 | AP43: =AP32/(AP19*8.76) -> #VALUE! | AQ43: =AQ32/(AQ19*8.76) -> #VALUE! | AR43: =AR32/(AR19*8.76) -> 0.20111291 | AS43: =AS32/(AS19*8.76) -> 0.50483709 | AZ43: ATG | BA43: =BA32/(BA19*8.76) -> #VALUE! | BB43: =BB32/(BB19*8.76) -> #VALUE! | BC43: =BC32/(BC19*8.76) -> 0.28847129 | BD43: =BD32/(BD19*8.76) -> #VALUE! | BE43: =BE32/(BE19*8.76) -> #VALUE! | BF43: =BF32/(BF19*8.76) -> 0.19934766 | BG43: =BG32/(BG19*8.76) -> 0.50339936 | BR43: ATG | BS43: =BS32/(BS19*8.76) -> #VALUE! | BT43: =BT32/(BT19*8.76) -> #VALUE! | BU43: =BU32/(BU19*8.76) -> 0.37554817 | BV43: =BV32/(BV19*8.76) -> #VALUE! | BW43: =BW32/(BW19*8.76) -> #VALUE! | BX43: =BX32/(BX19*8.76) -> 0.20179371 | BY43: =BY32/(BY19*8.76) -> 0.5058661 | CJ43: ATG | CK43: =CK32/(CK19*8.76) -> #VALUE! | CL43: =CL32/(CL19*8.76) -> #VALUE! | CM43: =CM32/(CM19*8.76) -> 0.28847129 | CN43: =CN32/(CN19*8.76) -> #VALUE! | CO43: =CO32/(CO19*8.76) -> #VALUE! | CP43: =CP32/(CP19*8.76) -> 0.19933505 | CQ43: =CQ32/(CQ19*8.76) -> 0.50351193 | CX43: ATG | CY43: =CY32/(CY19*8.76) -> #VALUE! | CZ43: =CZ32/(CZ19*8.76) -> #VALUE! | DA43: =DA32/(DA19*8.76) -> 0.25852711 | DB43: =DB32/(DB19*8.76) -> #VALUE! | DC43: =DC32/(DC19*8.76) -> #VALUE! | DD43: =DD32/(DD19*8.76) -> 0.19948594 | DE43: =DE32/(DE19*8.76) -> 0.50361973
B44: BRB | C44: =C33/(C20*8.76) -> 0.84235421 | D44: =D33/(D20*8.76) -> #VALUE! | E44: =E33/(E20*8.76) -> 0.27404431 | F44: =F33/(F20*8.76) -> #VALUE! | G44: =G33/(G20*8.76) -> #VALUE! | H44: =H33/(H20*8.76) -> 0.19917214 | I44: =I33/(I20*8.76) -> 0.56039918 | L44: =E33/L33 -> 0.16117344 | T44: BRB | U44: =U33/(U20*8.76) -> 0.91577152 | V44: =V33/(V20*8.76) -> #VALUE! | W44: =W33/(W20*8.76) -> 0.34158594 | X44: =X33/(X20*8.76) -> #VALUE! | Y44: =Y33/(Y20*8.76) -> #VALUE! | Z44: =Z33/(Z20*8.76) -> 0.19985534 | AA44: =AA33/(AA20*8.76) -> 0.56296537 | AE44: =W33/SUM(U33:AA33) -> 0.21039086 | AL44: BRB | AM44: =AM33/(AM20*8.76) -> 0.85584397 | AN44: =AN33/(AN20*8.76) -> #VALUE! | AO44: =AO33/(AO20*8.76) -> 0.28230363 | AP44: =AP33/(AP20*8.76) -> #VALUE! | AQ44: =AQ33/(AQ20*8.76) -> #VALUE! | AR44: =AR33/(AR20*8.76) -> 0.19923399 | AS44: =AS33/(AS20*8.76) -> 0.56058646 | AZ44: BRB | BA44: =BA33/(BA20*8.76) -> 0.79601112 | BB44: =BB33/(BB20*8.76) -> #VALUE! | BC44: =BC33/(BC20*8.76) -> 0.24271312 | BD44: =BD33/(BD20*8.76) -> #VALUE! | BE44: =BE33/(BE20*8.76) -> #VALUE! | BF44: =BF33/(BF20*8.76) -> 0.1988074 | BG44: =BG33/(BG20*8.76) -> 0.55975948 | BR44: BRB | BS44: =BS33/(BS20*8.76) -> 0.93421207 | BT44: =BT33/(BT20*8.76) -> #VALUE! | BU44: =BU33/(BU20*8.76) -> 0.41855522 | BV44: =BV33/(BV20*8.76) -> #VALUE! | BW44: =BW33/(BW20*8.76) -> #VALUE! | BX44: =BX33/(BX20*8.76) -> 0.19968752 | BY44: =BY33/(BY20*8.76) -> 0.56317086 | CJ44: BRB | CK44: =CK33/(CK20*8.76) -> 0.91626225 | CL44: =CL33/(CL20*8.76) -> #VALUE! | CM44: =CM33/(CM20*8.76) -> 0.34176353 | CN44: =CN33/(CN20*8.76) -> #VALUE! | CO44: =CO33/(CO20*8.76) -> #VALUE! | CP44: =CP33/(CP20*8.76) -> 0.2000422 | CQ44: =CQ33/(CQ20*8.76) -> 0.56260549 | CX44: BRB | CY44: =CY33/(CY20*8.76) -> 0.9283786 | CZ44: =CZ33/(CZ20*8.76) -> #VALUE! | DA44: =DA33/(DA20*8.76) -> 0.35051569 | DB44: =DB33/(DB20*8.76) -> #VALUE! | DC44: =DC33/(DC20*8.76) -> #VALUE! | DD44: =DD33/(DD20*8.76) -> 0.19995811 | DE44: =DE33/(DE20*8.76) -> 0.56294444
B45: DMA | C45: =C34/(C21*8.76) -> #VALUE! | D45: =D34/(D21*8.76) -> #VALUE! | E45: =E34/(E21*8.76) -> #DIV/0! | F45: =F34/(F21*8.76) -> 0.62965906 | G45: =G34/(G21*8.76) -> 0.77389823 | H45: =H34/(H21*8.76) -> #DIV/0! | I45: =I34/(I21*8.76) -> #DIV/0! | L45: =E34/L34 -> 0 | T45: DMA | U45: =U34/(U21*8.76) -> #VALUE! | V45: =V34/(V21*8.76) -> #VALUE! | W45: =W34/(W21*8.76) -> #DIV/0! | X45: =X34/(X21*8.76) -> 0.62965906 | Y45: =Y34/(Y21*8.76) -> 0.77389823 | Z45: =Z34/(Z21*8.76) -> #DIV/0! | AA45: =AA34/(AA21*8.76) -> #DIV/0! | AE45: =W34/SUM(U34:AA34) -> 0 | AL45: DMA | AM45: =AM34/(AM21*8.76) -> #VALUE! | AN45: =AN34/(AN21*8.76) -> #VALUE! | AO45: =AO34/(AO21*8.76) -> #DIV/0! | AP45: =AP34/(AP21*8.76) -> 0.62965906 | AQ45: =AQ34/(AQ21*8.76) -> 0.77389823 | AR45: =AR34/(AR21*8.76) -> #DIV/0! | AS45: =AS34/(AS21*8.76) -> #DIV/0! | AZ45: DMA | BA45: =BA34/(BA21*8.76) -> #VALUE! | BB45: =BB34/(BB21*8.76) -> #VALUE! | BC45: =BC34/(BC21*8.76) -> #DIV/0! | BD45: =BD34/(BD21*8.76) -> 0.62965906 | BE45: =BE34/(BE21*8.76) -> 0.77389823 | BF45: =BF34/(BF21*8.76) -> #DIV/0! | BG45: =BG34/(BG21*8.76) -> #DIV/0! | BR45: DMA | BS45: =BS34/(BS21*8.76) -> #VALUE! | BT45: =BT34/(BT21*8.76) -> #VALUE! | BU45: =BU34/(BU21*8.76) -> #DIV/0! | BV45: =BV34/(BV21*8.76) -> 0.62965906 | BW45: =BW34/(BW21*8.76) -> 0.77389823 | BX45: =BX34/(BX21*8.76) -> #DIV/0! | BY45: =BY34/(BY21*8.76) -> #DIV/0! | CJ45: DMA | CK45: =CK34/(CK21*8.76) -> #VALUE! | CL45: =CL34/(CL21*8.76) -> #VALUE! | CM45: =CM34/(CM21*8.76) -> #DIV/0! | CN45: =CN34/(CN21*8.76) -> 0.62965906 | CO45: =CO34/(CO21*8.76) -> 0.77389823 | CP45: =CP34/(CP21*8.76) -> #DIV/0! | CQ45: =CQ34/(CQ21*8.76) -> #DIV/0! | CX45: DMA | CY45: =CY34/(CY21*8.76) -> #VALUE! | CZ45: =CZ34/(CZ21*8.76) -> #VALUE! | DA45: =DA34/(DA21*8.76) -> #DIV/0! | DB45: =DB34/(DB21*8.76) -> 0.62965906 | DC45: =DC34/(DC21*8.76) -> 0.77389823 | DD45: =DD34/(DD21*8.76) -> #DIV/0! | DE45: =DE34/(DE21*8.76) -> #DIV/0!
B46: GLP | C46: =C35/(C22*8.76) -> 0.66111371 | D46: =D35/(D22*8.76) -> #DIV/0! | E46: =E35/(E22*8.76) -> 0.17467083 | F46: =F35/(F22*8.76) -> 0.83422602 | G46: =G35/(G22*8.76) -> 0.87593287 | H46: =H35/(H22*8.76) -> 0.20043618 | I46: =I35/(I22*8.76) -> 0.51733923 | L46: =E35/L35 -> 0.087812026 | T46: GLP | U46: =U35/(U22*8.76) -> 0.66111371 | V46: =V35/(V22*8.76) -> #DIV/0! | W46: =W35/(W22*8.76) -> 0.17467083 | X46: =X35/(X22*8.76) -> 0.83422602 | Y46: =Y35/(Y22*8.76) -> 0.87593287 | Z46: =Z35/(Z22*8.76) -> 0.20047032 | AA46: =AA35/(AA22*8.76) -> 0.5171683 | AE46: =W35/SUM(U35:AA35) -> 0.087812026 | AL46: GLP | AM46: =AM35/(AM22*8.76) -> 0.66111371 | AN46: =AN35/(AN22*8.76) -> #DIV/0! | AO46: =AO35/(AO22*8.76) -> 0.17467083 | AP46: =AP35/(AP22*8.76) -> 0.83422602 | AQ46: =AQ35/(AQ22*8.76) -> 0.87593287 | AR46: =AR35/(AR22*8.76) -> 0.20044547 | AS46: =AS35/(AS22*8.76) -> 0.51729273 | AZ46: GLP | BA46: =BA35/(BA22*8.76) -> 0.64946889 | BB46: =BB35/(BB22*8.76) -> #DIV/0! | BC46: =BC35/(BC22*8.76) -> 0.16368945 | BD46: =BD35/(BD22*8.76) -> 0.81796057 | BE46: =BE35/(BE22*8.76) -> 0.80909894 | BF46: =BF35/(BF22*8.76) -> 0.20003076 | BG46: =BG35/(BG22*8.76) -> 0.51653142 | BR46: GLP | BS46: =BS35/(BS22*8.76) -> 0.76302404 | BT46: =BT35/(BT22*8.76) -> #DIV/0! | BU46: =BU35/(BU22*8.76) -> 0.23159212 | BV46: =BV35/(BV22*8.76) -> 0.85762224 | BW46: =BW35/(BW22*8.76) -> 0.92051426 | BX46: =BX35/(BX22*8.76) -> 0.20155904 | BY46: =BY35/(BY22*8.76) -> 0.51859751 | CJ46: GLP | CK46: =CK35/(CK22*8.76) -> 0.64946889 | CL46: =CL35/(CL22*8.76) -> #DIV/0! | CM46: =CM35/(CM22*8.76) -> 0.16368945 | CN46: =CN35/(CN22*8.76) -> 0.81796057 | CO46: =CO35/(CO22*8.76) -> 0.80909894 | CP46: =CP35/(CP22*8.76) -> 0.20002476 | CQ46: =CQ35/(CQ22*8.76) -> 0.51658184 | CX46: GLP | CY46: =CY35/(CY22*8.76) -> 0.53634776 | CZ46: =CZ35/(CZ22*8.76) -> #DIV/0! | DA46: =DA35/(DA22*8.76) -> 0.13529082 | DB46: =DB35/(DB22*8.76) -> 0.79537839 | DC46: =DC35/(DC22*8.76) -> 0.76611941 | DD46: =DD35/(DD22*8.76) -> 0.19949014 | DE46: =DE35/(DE22*8.76) -> 0.5155076
B47: GRD | C47: =C36/(C23*8.76) -> #VALUE! | D47: =D36/(D23*8.76) -> #VALUE! | E47: =E36/(E23*8.76) -> 0.32349058 | F47: =F36/(F23*8.76) -> 0.84825815 | G47: =G36/(G23*8.76) -> #DIV/0! | H47: =H36/(H23*8.76) -> 0.19314758 | I47: =I36/(I23*8.76) -> 0.54328399 | L47: =E36/L36 -> 0.20137276 | T47: GRD | U47: =U36/(U23*8.76) -> #VALUE! | V47: =V36/(V23*8.76) -> #VALUE! | W47: =W36/(W23*8.76) -> 0.32349058 | X47: =X36/(X23*8.76) -> 0.84825815 | Y47: =Y36/(Y23*8.76) -> #DIV/0! | Z47: =Z36/(Z23*8.76) -> 0.19312631 | AA47: =AA36/(AA23*8.76) -> 0.54330205 | AE47: =W36/SUM(U36:AA36) -> 0.20137276 | AL47: GRD | AM47: =AM36/(AM23*8.76) -> #VALUE! | AN47: =AN36/(AN23*8.76) -> #VALUE! | AO47: =AO36/(AO23*8.76) -> 0.30303254 | AP47: =AP36/(AP23*8.76) -> 0.84663296 | AQ47: =AQ36/(AQ23*8.76) -> #DIV/0! | AR47: =AR36/(AR23*8.76) -> 0.19337633 | AS47: =AS36/(AS23*8.76) -> 0.54386309 | AZ47: GRD | BA47: =BA36/(BA23*8.76) -> #VALUE! | BB47: =BB36/(BB23*8.76) -> #VALUE! | BC47: =BC36/(BC23*8.76) -> 0.33808359 | BD47: =BD36/(BD23*8.76) -> #DIV/0! | BE47: =BE36/(BE23*8.76) -> #DIV/0! | BF47: =BF36/(BF23*8.76) -> 0.19272064 | BG47: =BG36/(BG23*8.76) -> 0.54284696 | BR47: GRD | BS47: =BS36/(BS23*8.76) -> #VALUE! | BT47: =BT36/(BT23*8.76) -> #VALUE! | BU47: =BU36/(BU23*8.76) -> 0.29254835 | BV47: =BV36/(BV23*8.76) -> 0.85349174 | BW47: =BW36/(BW23*8.76) -> #DIV/0! | BX47: =BX36/(BX23*8.76) -> 0.19467294 | BY47: =BY36/(BY23*8.76) -> 0.54761639 | CJ47: GRD | CK47: =CK36/(CK23*8.76) -> #VALUE! | CL47: =CL36/(CL23*8.76) -> #VALUE! | CM47: =CM36/(CM23*8.76) -> 0.33808359 | CN47: =CN36/(CN23*8.76) -> #DIV/0! | CO47: =CO36/(CO23*8.76) -> #DIV/0! | CP47: =CP36/(CP23*8.76) -> 0.19278345 | CQ47: =CQ36/(CQ23*8.76) -> 0.54278671 | CX47: GRD | CY47: =CY36/(CY23*8.76) -> #VALUE! | CZ47: =CZ36/(CZ23*8.76) -> #VALUE! | DA47: =DA36/(DA23*8.76) -> 0.33735836 | DB47: =DB36/(DB23*8.76) -> #DIV/0! | DC47: =DC36/(DC23*8.76) -> #DIV/0! | DD47: =DD36/(DD23*8.76) -> 0.19272774 | DE47: =DE36/(DE23*8.76) -> 0.54286187
B48: LCA | C48: =C37/(C24*8.76) -> #VALUE! | D48: =D37/(D24*8.76) -> #VALUE! | E48: =E37/(E24*8.76) -> 0.25376995 | F48: =F37/(F24*8.76) -> 0.8573803 | G48: =G37/(G24*8.76) -> #VALUE! | H48: =H37/(H24*8.76) -> 0.19969832 | I48: =I37/(I24*8.76) -> 0.56421217 | L48: =E37/L37 -> 0.1434732 | T48: LCA | U48: =U37/(U24*8.76) -> #VALUE! | V48: =V37/(V24*8.76) -> #VALUE! | W48: =W37/(W24*8.76) -> 0.25376995 | X48: =X37/(X24*8.76) -> 0.8573803 | Y48: =Y37/(Y24*8.76) -> #VALUE! | Z48: =Z37/(Z24*8.76) -> 0.19968694 | AA48: =AA37/(AA24*8.76) -> 0.56425785 | AE48: =W37/SUM(U37:AA37) -> 0.1434732 | AL48: LCA | AM48: =AM37/(AM24*8.76) -> #VALUE! | AN48: =AN37/(AN24*8.76) -> #VALUE! | AO48: =AO37/(AO24*8.76) -> 0.25359444 | AP48: =AP37/(AP24*8.76) -> 0.8581425 | AQ48: =AQ37/(AQ24*8.76) -> #VALUE! | AR48: =AR37/(AR24*8.76) -> 0.19978755 | AS48: =AS37/(AS24*8.76) -> 0.56436931 | AZ48: LCA | BA48: =BA37/(BA24*8.76) -> #VALUE! | BB48: =BB37/(BB24*8.76) -> #VALUE! | BC48: =BC37/(BC24*8.76) -> 0.26703127 | BD48: =BD37/(BD24*8.76) -> 0.85231523 | BE48: =BE37/(BE24*8.76) -> #VALUE! | BF48: =BF37/(BF24*8.76) -> 0.19920763 | BG48: =BG37/(BG24*8.76) -> 0.56301582 | BR48: LCA | BS48: =BS37/(BS24*8.76) -> #VALUE! | BT48: =BT37/(BT24*8.76) -> #VALUE! | BU48: =BU37/(BU24*8.76) -> 0.25506384 | BV48: =BV37/(BV24*8.76) -> 0.86311212 | BW48: =BW37/(BW24*8.76) -> #VALUE! | BX48: =BX37/(BX24*8.76) -> 0.20077916 | BY48: =BY37/(BY24*8.76) -> 0.56541515 | CJ48: LCA | CK48: =CK37/(CK24*8.76) -> #VALUE! | CL48: =CL37/(CL24*8.76) -> #VALUE! | CM48: =CM37/(CM24*8.76) -> 0.26703127 | CN48: =CN37/(CN24*8.76) -> 0.85231523 | CO48: =CO37/(CO24*8.76) -> #VALUE! | CP48: =CP37/(CP24*8.76) -> 0.19920829 | CQ48: =CQ37/(CQ24*8.76) -> 0.56301224 | CX48: LCA | CY48: =CY37/(CY24*8.76) -> #VALUE! | CZ48: =CZ37/(CZ24*8.76) -> #VALUE! | DA48: =DA37/(DA24*8.76) -> 0.24707061 | DB48: =DB37/(DB24*8.76) -> #DIV/0! | DC48: =DC37/(DC24*8.76) -> #VALUE! | DD48: =DD37/(DD24*8.76) -> 0.19823493 | DE48: =DE37/(DE24*8.76) -> 0.56155748
B49: MSR | C49: =C38/(C25*8.76) -> #VALUE! | D49: =D38/(D25*8.76) -> #VALUE! | E49: =E38/(E25*8.76) -> 0.090535519 | F49: =F38/(F25*8.76) -> 0.82361667 | G49: =G38/(G25*8.76) -> #VALUE! | H49: =H38/(H25*8.76) -> 0.20170347 | I49: =I38/(I25*8.76) -> 0.50603699 | L49: =E38/L38 -> 0.022917331 | T49: MSR | U49: =U38/(U25*8.76) -> #VALUE! | V49: =V38/(V25*8.76) -> #VALUE! | W49: =W38/(W25*8.76) -> 0.090535519 | X49: =X38/(X25*8.76) -> 0.82361667 | Y49: =Y38/(Y25*8.76) -> #VALUE! | Z49: =Z38/(Z25*8.76) -> 0.2017067 | AA49: =AA38/(AA25*8.76) -> 0.50602537 | AE49: =W38/SUM(U38:AA38) -> 0.022917331 | AL49: MSR | AM49: =AM38/(AM25*8.76) -> #VALUE! | AN49: =AN38/(AN25*8.76) -> #VALUE! | AO49: =AO38/(AO25*8.76) -> 0.10693225 | AP49: =AP38/(AP25*8.76) -> 0.83009848 | AQ49: =AQ38/(AQ25*8.76) -> #VALUE! | AR49: =AR38/(AR25*8.76) -> 0.20188401 | AS49: =AS38/(AS25*8.76) -> 0.50623232 | AZ49: MSR | BA49: =BA38/(BA25*8.76) -> #VALUE! | BB49: =BB38/(BB25*8.76) -> #VALUE! | BC49: =BC38/(BC25*8.76) -> 0.089666023 | BD49: =BD38/(BD25*8.76) -> 0.8231653 | BE49: =BE38/(BE25*8.76) -> #VALUE! | BF49: =BF38/(BF25*8.76) -> 0.20170945 | BG49: =BG38/(BG25*8.76) -> 0.5059423 | BR49: MSR | BS49: =BS38/(BS25*8.76) -> #VALUE! | BT49: =BT38/(BT25*8.76) -> #VALUE! | BU49: =BU38/(BU25*8.76) -> 0.090535519 | BV49: =BV38/(BV25*8.76) -> 0.82361667 | BW49: =BW38/(BW25*8.76) -> #VALUE! | BX49: =BX38/(BX25*8.76) -> 0.2016968 | BY49: =BY38/(BY25*8.76) -> 0.50606093 | CJ49: MSR | CK49: =CK38/(CK25*8.76) -> #VALUE! | CL49: =CL38/(CL25*8.76) -> #VALUE! | CM49: =CM38/(CM25*8.76) -> 0.089666023 | CN49: =CN38/(CN25*8.76) -> 0.8231653 | CO49: =CO38/(CO25*8.76) -> #VALUE! | CP49: =CP38/(CP25*8.76) -> 0.20172009 | CQ49: =CQ38/(CQ25*8.76) -> 0.50590332 | CX49: MSR | CY49: =CY38/(CY25*8.76) -> #VALUE! | CZ49: =CZ38/(CZ25*8.76) -> #VALUE! | DA49: =DA38/(DA25*8.76) -> 0.090406715 | DB49: =DB38/(DB25*8.76) -> 0.82423227 | DC49: =DC38/(DC25*8.76) -> #VALUE! | DD49: =DD38/(DD25*8.76) -> 0.20184823 | DE49: =DE38/(DE25*8.76) -> 0.50610151
B50: MTQ | C50: =C39/(C26*8.76) -> 0.75012205 | D50: =D39/(D26*8.76) -> #VALUE! | E50: =E39/(E26*8.76) -> 0.14428178 | F50: =F39/(F26*8.76) -> 0.87282928 | G50: =G39/(G26*8.76) -> #VALUE! | H50: =H39/(H26*8.76) -> 0.20095686 | I50: =I39/(I26*8.76) -> 0.56077284 | L50: =E39/L39 -> 0.077479002 | T50: MTQ | U50: =U39/(U26*8.76) -> 0.75012205 | V50: =V39/(V26*8.76) -> #VALUE! | W50: =W39/(W26*8.76) -> 0.14428178 | X50: =X39/(X26*8.76) -> 0.87282928 | Y50: =Y39/(Y26*8.76) -> #VALUE! | Z50: =Z39/(Z26*8.76) -> 0.2009531 | AA50: =AA39/(AA26*8.76) -> 0.56078344 | AE50: =W39/SUM(U39:AA39) -> 0.077479002 | AL50: MTQ | AM50: =AM39/(AM26*8.76) -> 0.75012205 | AN50: =AN39/(AN26*8.76) -> #VALUE! | AO50: =AO39/(AO26*8.76) -> 0.14428178 | AP50: =AP39/(AP26*8.76) -> 0.87282928 | AQ50: =AQ39/(AQ26*8.76) -> #VALUE! | AR50: =AR39/(AR26*8.76) -> 0.20095617 | AS50: =AS39/(AS26*8.76) -> 0.56077477 | AZ50: MTQ | BA50: =BA39/(BA26*8.76) -> 0.70588206 | BB50: =BB39/(BB26*8.76) -> #VALUE! | BC50: =BC39/(BC26*8.76) -> 0.11832459 | BD50: =BD39/(BD26*8.76) -> #DIV/0! | BE50: =BE39/(BE26*8.76) -> #VALUE! | BF50: =BF39/(BF26*8.76) -> 0.20045955 | BG50: =BG39/(BG26*8.76) -> 0.56033729 | BR50: MTQ | BS50: =BS39/(BS26*8.76) -> 0.70842674 | BT50: =BT39/(BT26*8.76) -> #VALUE! | BU50: =BU39/(BU26*8.76) -> 0.14480778 | BV50: =BV39/(BV26*8.76) -> 0.87620838 | BW50: =BW39/(BW26*8.76) -> #VALUE! | BX50: =BX39/(BX26*8.76) -> 0.20185856 | BY50: =BY39/(BY26*8.76) -> 0.56142129 | CJ50: MTQ | CK50: =CK39/(CK26*8.76) -> 0.70588206 | CL50: =CL39/(CL26*8.76) -> #VALUE! | CM50: =CM39/(CM26*8.76) -> 0.11832459 | CN50: =CN39/(CN26*8.76) -> #DIV/0! | CO50: =CO39/(CO26*8.76) -> #VALUE! | CP50: =CP39/(CP26*8.76) -> 0.20048461 | CQ50: =CQ39/(CQ26*8.76) -> 0.56021157 | CX50: MTQ | CY50: =CY39/(CY26*8.76) -> 0.65365094 | CZ50: =CZ39/(CZ26*8.76) -> #VALUE! | DA50: =DA39/(DA26*8.76) -> 0.099140899 | DB50: =DB39/(DB26*8.76) -> #DIV/0! | DC50: =DC39/(DC26*8.76) -> #VALUE! | DD50: =DD39/(DD26*8.76) -> 0.20039329 | DE50: =DE39/(DE26*8.76) -> 0.55986126
B51: SKN | C51: =C40/(C27*8.76) -> #VALUE! | D51: =D40/(D27*8.76) -> #VALUE! | E51: =E40/(E27*8.76) -> 0.19315831 | F51: =F40/(F27*8.76) -> 0.83796631 | G51: =G40/(G27*8.76) -> #VALUE! | H51: =H40/(H27*8.76) -> 0.19872419 | I51: =I40/(I27*8.76) -> 0.4901327 | L51: =E40/L40 -> 0.078956296 | T51: SKN | U51: =U40/(U27*8.76) -> #VALUE! | V51: =V40/(V27*8.76) -> #VALUE! | W51: =W40/(W27*8.76) -> 0.19315831 | X51: =X40/(X27*8.76) -> 0.83796631 | Y51: =Y40/(Y27*8.76) -> #VALUE! | Z51: =Z40/(Z27*8.76) -> 0.19874505 | AA51: =AA40/(AA27*8.76) -> 0.48992821 | AE51: =W40/SUM(U40:AA40) -> 0.078956296 | AL51: SKN | AM51: =AM40/(AM27*8.76) -> #VALUE! | AN51: =AN40/(AN27*8.76) -> #VALUE! | AO51: =AO40/(AO27*8.76) -> 0.19315831 | AP51: =AP40/(AP27*8.76) -> 0.83796631 | AQ51: =AQ40/(AQ27*8.76) -> #VALUE! | AR51: =AR40/(AR27*8.76) -> 0.19873239 | AS51: =AS40/(AS27*8.76) -> 0.49005233 | AZ51: SKN | BA51: =BA40/(BA27*8.76) -> #VALUE! | BB51: =BB40/(BB27*8.76) -> #VALUE! | BC51: =BC40/(BC27*8.76) -> 0.17551385 | BD51: =BD40/(BD27*8.76) -> 0.81772284 | BE51: =BE40/(BE27*8.76) -> #VALUE! | BF51: =BF40/(BF27*8.76) -> 0.19907401 | BG51: =BG40/(BG27*8.76) -> 0.49014762 | BR51: SKN | BS51: =BS40/(BS27*8.76) -> #VALUE! | BT51: =BT40/(BT27*8.76) -> #VALUE! | BU51: =BU40/(BU27*8.76) -> 0.18258539 | BV51: =BV40/(BV27*8.76) -> 0.84773859 | BW51: =BW40/(BW27*8.76) -> #VALUE! | BX51: =BX40/(BX27*8.76) -> 0.20078577 | BY51: =BY40/(BY27*8.76) -> 0.49204807 | CJ51: SKN | CK51: =CK40/(CK27*8.76) -> #VALUE! | CL51: =CL40/(CL27*8.76) -> #VALUE! | CM51: =CM40/(CM27*8.76) -> 0.17551385 | CN51: =CN40/(CN27*8.76) -> 0.81772284 | CO51: =CO40/(CO27*8.76) -> #VALUE! | CP51: =CP40/(CP27*8.76) -> 0.19908057 | CQ51: =CQ40/(CQ27*8.76) -> 0.49004453 | CX51: SKN | CY51: =CY40/(CY27*8.76) -> #VALUE! | CZ51: =CZ40/(CZ27*8.76) -> #VALUE! | DA51: =DA40/(DA27*8.76) -> 0.16827704 | DB51: =DB40/(DB27*8.76) -> 0.81867353 | DC51: =DC40/(DC27*8.76) -> #VALUE! | DD51: =DD40/(DD27*8.76) -> 0.19884257 | DE51: =DE40/(DE27*8.76) -> 0.48931229
B52: SVG | C52: =C41/(C28*8.76) -> #VALUE! | D52: =D41/(D28*8.76) -> #VALUE! | E52: =E41/(E28*8.76) -> 0.12034773 | F52: =F41/(F28*8.76) -> #DIV/0! | G52: =G41/(G28*8.76) -> 0.61999715 | H52: =H41/(H28*8.76) -> 0.19896636 | I52: =I41/(I28*8.76) -> 0.54273907 | L52: =E41/L41 -> 0.047470467 | T52: SVG | U52: =U41/(U28*8.76) -> #VALUE! | V52: =V41/(V28*8.76) -> #VALUE! | W52: =W41/(W28*8.76) -> 0.12034773 | X52: =X41/(X28*8.76) -> #DIV/0! | Y52: =Y41/(Y28*8.76) -> 0.61999715 | Z52: =Z41/(Z28*8.76) -> 0.19894256 | AA52: =AA41/(AA28*8.76) -> 0.54276467 | AE52: =W41/SUM(U41:AA41) -> 0.047470467 | AL52: SVG | AM52: =AM41/(AM28*8.76) -> #VALUE! | AN52: =AN41/(AN28*8.76) -> #VALUE! | AO52: =AO41/(AO28*8.76) -> 0.11932246 | AP52: =AP41/(AP28*8.76) -> #DIV/0! | AQ52: =AQ41/(AQ28*8.76) -> 0.62557744 | AR52: =AR41/(AR28*8.76) -> 0.198972 | AS52: =AS41/(AS28*8.76) -> 0.54308265 | AZ52: SVG | BA52: =BA41/(BA28*8.76) -> #VALUE! | BB52: =BB41/(BB28*8.76) -> #VALUE! | BC52: =BC41/(BC28*8.76) -> 0.12034773 | BD52: =BD41/(BD28*8.76) -> #DIV/0! | BE52: =BE41/(BE28*8.76) -> 0.61999715 | BF52: =BF41/(BF28*8.76) -> 0.19897844 | BG52: =BG41/(BG28*8.76) -> 0.54272608 | BR52: SVG | BS52: =BS41/(BS28*8.76) -> #VALUE! | BT52: =BT41/(BT28*8.76) -> #VALUE! | BU52: =BU41/(BU28*8.76) -> 0.11777108 | BV52: =BV41/(BV28*8.76) -> #DIV/0! | BW52: =BW41/(BW28*8.76) -> 0.64332494 | BX52: =BX41/(BX28*8.76) -> 0.19902379 | BY52: =BY41/(BY28*8.76) -> 0.54370063 | CJ52: SVG | CK52: =CK41/(CK28*8.76) -> #VALUE! | CL52: =CL41/(CL28*8.76) -> #VALUE! | CM52: =CM41/(CM28*8.76) -> 0.12034773 | CN52: =CN41/(CN28*8.76) -> #DIV/0! | CO52: =CO41/(CO28*8.76) -> 0.61999715 | CP52: =CP41/(CP28*8.76) -> 0.19895228 | CQ52: =CQ41/(CQ28*8.76) -> 0.54275422 | CX52: SVG | CY52: =CY41/(CY28*8.76) -> #VALUE! | CZ52: =CZ41/(CZ28*8.76) -> #VALUE! | DA52: =DA41/(DA28*8.76) -> 0.12047465 | DB52: =DB41/(DB28*8.76) -> #DIV/0! | DC52: =DC41/(DC28*8.76) -> 0.62002322 | DD52: =DD41/(DD28*8.76) -> 0.19895721 | DE52: =DE41/(DE28*8.76) -> 0.54268523
D54: Total | E54: =SUM(C32:I41) -> 6799.8106 | F54: GWh | V54: Total | W54: =SUM(U32:AA41) -> 6799.8106 | X54: GWh | AN54: Total | AO54: =SUM(AM32:AS41) -> 6799.8106 | AP54: GWh | BB54: Total | BC54: =SUM(BA32:BG41) -> 6799.8106 | BD54: GWh | BT54: Total | BU54: =SUM(BS32:BY41) -> 6799.8106 | BV54: GWh | CL54: Total | CM54: =SUM(CK32:CQ41) -> 6799.8106 | CN54: GWh | CZ54: Total | DA54: =SUM(CY32:DE41) -> 6799.8106 | DB54: GWh
D55: Diesel | E55: =SUM(E32:E41) -> 777.35716 | F55: GWh | V55: Diesel | W55: =SUM(W32:W41) -> 836.51267 | X55: GWh | AN55: Diesel | AO55: =SUM(AO32:AO41) -> 783.21905 | AP55: GWh | BB55: Diesel | BC55: =SUM(BC32:BC41) -> 679.68021 | BD55: GWh | BT55: Diesel | BU55: =SUM(BU32:BU41) -> 1052.6152 | BV55: GWh | CL55: Diesel | CM55: =SUM(CM32:CM41) -> 785.00753 | CN55: GWh | CZ55: Diesel | DA55: =SUM(DA32:DA41) -> 687.48975 | DB55: GWh
D56: Fraction | E56: =E55/E54 -> 0.11432041 | V56: Fraction | W56: =W55/W54 -> 0.12301999 | AN56: Fraction | AO56: =AO55/AO54 -> 0.11518248 | BB56: Fraction | BC56: =BC55/BC54 -> 0.099955756 | BT56: Fraction | BU56: =BU55/BU54 -> 0.15480066 | CL56: Fraction | CM56: =CM55/CM54 -> 0.1154455 | CZ56: Fraction | DA56: =DA55/DA54 -> 0.10110425
D57: Assuming | E57: 0.66 | F57: ktCO2/GWh | V57: Assuming | W57: 0.66 | X57: ktCO2/GWh | AN57: Assuming | AO57: 0.66 | AP57: ktCO2/GWh | BB57: Assuming | BC57: 0.66 | BD57: ktCO2/GWh | BT57: Assuming | BU57: 0.66 | BV57: ktCO2/GWh | CL57: Assuming | CM57: 0.66 | CN57: ktCO2/GWh | CZ57: Assuming | DA57: 0.66 | DB57: ktCO2/GWh
D58: Emissions | E58: =E55*E57 -> 513.05573 | F58: ktCO2 | V58: Emissions | W58: =W55*W57 -> 552.09836 | X58: ktCO2 | AN58: Emissions | AO58: =AO55*AO57 -> 516.92457 | AP58: ktCO2 | BB58: Emissions | BC58: =BC55*BC57 -> 448.58894 | BD58: ktCO2 | BT58: Emissions | BU58: =BU55*BU57 -> 694.726 | BV58: ktCO2 | CL58: Emissions | CM58: =CM55*CM57 -> 518.10497 | CN58: ktCO2 | CZ58: Emissions | DA58: =DA55*DA57 -> 453.74324 | DB58: ktCO2
D59: Overall emissions factor | E59: =E58/E54 -> 0.075451473 | F59: tCO2/MWh | V59: Overall emissions factor | W59: =W58/W54 -> 0.081193197 | X59: tCO2/MWh | AN59: Overall emissions factor | AO59: =AO58/AO54 -> 0.076020437 | AP59: tCO2/MWh | BB59: Overall emissions factor | BC59: =BC58/BC54 -> 0.065970799 | BD59: tCO2/MWh | BT59: Overall emissions factor | BU59: =BU58/BU54 -> 0.10216843 | BV59: tCO2/MWh | CL59: Overall emissions factor | CM59: =CM58/CM54 -> 0.07619403 | CN59: tCO2/MWh | CZ59: Overall emissions factor | DA59: =DA58/DA54 -> 0.066728805 | DB59: tCO2/MWh
E61: =(E58-'0. Current system'!$E$58)/'0. Current system'!$E$58 -> -0.85633649 | W61: =(W58-'0. Current system'!$E$58)/'0. Current system'!$E$58 -> -0.84540396 | AO61: =(AO58-3625)/3625 -> -0.85740012 | BC61: =(BC58-'0. Current system'!$E$58)/'0. Current system'!$E$58 -> -0.87438819 | BU61: =(BU58-'0. Current system'!$E$58)/'0. Current system'!$E$58 -> -0.80546602 | CM61: =(CM58-'0. Current system'!$E$58)/'0. Current system'!$E$58 -> -0.85492263 | DA61: =(DA58-'0. Current system'!$E$58)/'0. Current system'!$E$58 -> -0.8729449

Sheet 2. LCOE summaries
E1: Diesel, RE, battery storage
F2: Regional LCOE | H2: % difference to base | I2: compare to no storage
D3: 2.1 | E3: Baseline, 4-hr storage | F3: ='2. Diesel-battery-storage'!G3 -> 92.2 | G3: /MWh | H3: -- | I3: =(F3-'1. LCOE summaries'!F3)/'1. LCOE summaries'!F3 -> -0.22455845
D4: 2.2 | E4: Half wind and solar, 4-hr storage | F4: ='2. Diesel-battery-storage'!Y3 -> 93.8 | G4: /MWh | H4: =(F4-F$3)/F$3 -> 0.017353579
D5: 2.3 | E5: Baseline, higher storage cost | F5: ='2. Diesel-battery-storage'!AQ3 -> 95.3 | G5: /MWh | H5: =(F5-F$3)/F$3 -> 0.03362256
D6: 2.4 | E6: Baseline, 6-hr storage | F6: ='2. Diesel-battery-storage'!BE3 -> 90.1 | G6: /MWh | H6: =(F6-F$3)/F$3 -> -0.022776573
D7: 2.5 | E7: Half wind and solar, 2-hr storage | F7: ='2. Diesel-battery-storage'!BW3 -> 98.9 | G7: /MWh | H7: =(F7-F$3)/F$3 -> 0.072668113
D8: 2.6 | E8: Half wind and solar, 6-hr storage | F8: ='2. Diesel-battery-storage'!CO3 -> 91.9 | G8: /MWh | H8: =(F8-F$3)/F$3 -> -0.0032537961
D9: 2.7 | E9: Half wind and solar, 8-hr storage | F9: ='2. Diesel-battery-storage'!DC3 -> 91.8 | G9: /MWh | H9: =(F9-F$3)/F$3 -> -0.0043383948

Sheet 2'. Storage - some with diesel
B1: Storage, 6 hours, ATG, BRB w/diesel | G1: Storage_6-hr_newbaseline-wind-solar_ATG-BRB-diesel_double-geo-GLP-MTQ | Q1: Storage, 6 hours, ATG, BRB w/diesel | V1: Storage_6-hr_double-geo-GLP-MTQ_must-run-geo-solar | AF1: Storage, 6 hours, ATG, BRB w/diesel | AK1: Storage_6-hr_4x-geo-GLP_3x-MTQ_double-geo-LCA-GRD_VRE-must-run | AZ1: Storage, 6 hours, ATG, BRB w/diesel | BE1: Storage_6-hr_4x-geo-GLP_3x-MTQ_double-geo-LCA-GRD_VRE-must-run-reduced/
B2: 11.11.2025 | C2: 2a.3 | D2: now with higher geo baseline cost | G2: lcoe | H2: $/MWh | Q2: 11.11.2025 | R2: 2a.4 | V2: lcoe | W2: $/MWh | Y2: partial must run wind and solar, not geothermal | AF2: 17.12.2025 | AH2: 2a.1 | AK2: lcoe | AL2: $/MWh | AN2: must run VRE and geo | AZ2: 17.12.2025 | BB2: 2a.2 | BE2: lcoe | BF2: $/MWh | BH2: must run VRE reduced max and geo
B3: 6 | C3: hours | G3: 93.8 | H3: =(G3-'0. Current system'!$G3)/'0. Current system'!$G3 -> -0.48743169 | I3: =(G3-'1. Diesel, no storage'!$G3)/'1. Diesel, no storage'!$G3 -> -0.21110177 | Q3: 6 | R3: hours | V3: 91.1 | W3: =(V3-'0. Current system'!$G3)/'0. Current system'!$G3 -> -0.50218579 | X3: =(V3-'1. Diesel, no storage'!$G3)/'1. Diesel, no storage'!$G3 -> -0.23380992 | AF3: 6 | AG3: hours | AK3: 105.7 | AL3: =(AK3-'0. Current system'!$G3)/'0. Current system'!$G3 -> -0.42240437 | AM3: =(AK3-'1. Diesel, no storage'!$G3)/'1. Diesel, no storage'!$G3 -> -0.11101766 | AN3: =(AK3-'2. Diesel-battery-storage'!$BE3)/'2. Diesel-battery-storage'!$BE3 -> 0.17314095 | AZ3: 6 | BA3: hours | BE3: 95.3 | BF3: =(BE3-'0. Current system'!$G3)/'0. Current system'!$G3 -> -0.47923497 | BG3: =(BE3-'1. Diesel, no storage'!$G3)/'1. Diesel, no storage'!$G3 -> -0.19848612
B4: StorageUnit | D4: [MWh] | F4: Country | H4: compared to current system | I4: compared to diesel, no storage | J4: compared to | Q4: StorageUnit | S4: [MWh] | U4: Country | W4: compared to current system | X4: compared to diesel, no storage | AF4: StorageUnit | AH4: [MWh] | AJ4: Country | AL4: compared to current system | AM4: compared to diesel, no storage | AN4: compared to diesel w/storage | AO4: compared to 100% RE w/o must-run | AZ4: StorageUnit | BB4: [MWh] | BD4: Country | BF4: compared to current system | BG4: compared to diesel, no storage
B5: ATG Storage | C5: 26.531841 | D5: =C5*B$3 -> 159.19105 | F5: ATG | G5: 73.788671 | H5: =(G5-'0. Current system'!$G5)/'0. Current system'!$G5 -> -0.63492594 | I5: =(G5-'1. Diesel, no storage'!$G5)/'1. Diesel, no storage'!$G5 -> -0.46264325 | L5: =G5*L32 -> 32246.833 | Q5: ATG Storage | R5: 26.673997 | S5: =R5*Q$3 -> 160.04398 | U5: ATG | V5: 73.788895 | W5: =(V5-'0. Current system'!$G5)/'0. Current system'!$G5 -> -0.63492483 | X5: =(V5-'1. Diesel, no storage'!$G5)/'1. Diesel, no storage'!$G5 -> -0.46264162 | AA5: =V5*AA32 -> 32246.931 | AF5: ATG Storage | AG5: 70 | AH5: =AG5*AF$3 -> 420 | AJ5: ATG | AK5: 98.979073 | AL5: =(AK5-'0. Current system'!$G5)/'0. Current system'!$G5 -> -0.51029485 | AM5: =(AK5-'1. Diesel, no storage'!$G5)/'1. Diesel, no storage'!$G5 -> -0.2791973 | AN5: =(AK5-'2. Diesel-battery-storage'!$BE5)/'2. Diesel-battery-storage'!$BE5 -> 0 | AO5: =(AK5-$G5)/$G5 -> 0.34138577 | AP5: =AK5*AP32 -> 43255.443 | AZ5: ATG Storage | BA5: 26.673997 | BB5: =BA5*AZ$3 -> 160.04398 | BD5: ATG | BE5: 73.788895 | BF5: =(BE5-'0. Current system'!$G5)/'0. Current system'!$G5 -> -0.63492483 | BG5: =(BE5-'1. Diesel, no storage'!$G5)/'1. Diesel, no storage'!$G5 -> -0.46264162 | BJ5: =BE5*BJ32 -> 32246.931
B6: BRB Storage | C6: 130.20932 | D6: =C6*B$3 -> 781.25593 | F6: BRB | G6: 68.229175 | H6: =(G6-'0. Current system'!$G6)/'0. Current system'!$G6 -> -0.63028531 | I6: =(G6-'1. Diesel, no storage'!$G6)/'1. Diesel, no storage'!$G6 -> -0.44864238 | L6: =G6*L33 -> 82006.153 | Q6: BRB Storage | R6: 130.20932 | S6: =R6*Q$3 -> 781.25593 | U6: BRB | V6: 68.229175 | W6: =(V6-'0. Current system'!$G6)/'0. Current system'!$G6 -> -0.63028531 | X6: =(V6-'1. Diesel, no storage'!$G6)/'1. Diesel, no storage'!$G6 -> -0.44864238 | AA6: =V6*AA33 -> 82006.153 | AF6: BRB Storage | AG6: 200 | AH6: =AG6*AF$3 -> 1200 | AJ6: BRB | AK6: 89.944397 | AL6: =(AK6-'0. Current system'!$G6)/'0. Current system'!$G6 -> -0.51261664 | AM6: =(AK6-'1. Diesel, no storage'!$G6)/'1. Diesel, no storage'!$G6 -> -0.27316242 | AN6: =(AK6-'2. Diesel-battery-storage'!$BE6)/'2. Diesel-battery-storage'!$BE6 -> 0 | AO6: =(AK6-$G6)/$G6 -> 0.31826886 | AP6: =AK6*AP33 -> 108106.16 | AZ6: BRB Storage | BA6: 130.20932 | BB6: =BA6*AZ$3 -> 781.25593 | BD6: BRB | BE6: 68.229175 | BF6: =(BE6-'0. Current system'!$G6)/'0. Current system'!$G6 -> -0.63028531 | BG6: =(BE6-'1. Diesel, no storage'!$G6)/'1. Diesel, no storage'!$G6 -> -0.44864238 | BJ6: =BE6*BJ33 -> 82006.153
B7: DMA Storage | C7: 0 | D7: =C7*B$3 -> 0 | F7: DMA | G7: 111.5797 | H7: =(G7-'0. Current system'!$G7)/'0. Current system'!$G7 -> -0.1341537 | I7: =(G7-'1. Diesel, no storage'!$G7)/'1. Diesel, no storage'!$G7 -> 0 | L7: =G7*L34 -> 14224.281 | Q7: DMA Storage | R7: 0 | S7: =R7*Q$3 -> 0 | U7: DMA | V7: 109.82342 | W7: =(V7-'0. Current system'!$G7)/'0. Current system'!$G7 -> -0.14778224 | X7: =(V7-'1. Diesel, no storage'!$G7)/'1. Diesel, no storage'!$G7 -> -0.015740139 | AA7: =V7*AA34 -> 14000.389 | AF7: DMA Storage | AG7: 0 | AH7: =AG7*AF$3 -> 0 | AJ7: DMA | AK7: 111.5797 | AL7: =(AK7-'0. Current system'!$G7)/'0. Current system'!$G7 -> -0.1341537 | AM7: =(AK7-'1. Diesel, no storage'!$G7)/'1. Diesel, no storage'!$G7 -> 0 | AN7: =(AK7-'2. Diesel-battery-storage'!$BE7)/'2. Diesel-battery-storage'!$BE7 -> 0 | AO7: =(AK7-$G7)/$G7 -> 0 | AP7: =AK7*AP34 -> 14224.281 | AZ7: DMA Storage | BA7: 0 | BB7: =BA7*AZ$3 -> 0 | BD7: DMA | BE7: 111.5797 | BF7: =(BE7-'0. Current system'!$G7)/'0. Current system'!$G7 -> -0.1341537 | BG7: =(BE7-'1. Diesel, no storage'!$G7)/'1. Diesel, no storage'!$G7 -> 0 | BJ7: =BE7*BJ34 -> 14224.281
B8: GLP Storage | C8: 320 | D8: =C8*B$3 -> 1920 | F8: GLP | G8: 110.96924 | H8: =(G8-'0. Current system'!$G8)/'0. Current system'!$G8 -> -0.35380162 | I8: =(G8-'1. Diesel, no storage'!$G8)/'1. Diesel, no storage'!$G8 -> -0.049699173 | L8: =G8*L35 -> 222290.27 | Q8: GLP Storage | R8: 320 | S8: =R8*Q$3 -> 1920 | U8: GLP | V8: 106.74022 | W8: =(V8-'0. Current system'!$G8)/'0. Current system'!$G8 -> -0.37842813 | X8: =(V8-'1. Diesel, no storage'!$G8)/'1. Diesel, no storage'!$G8 -> -0.085914977 | AA8: =V8*AA35 -> 213818.83 | AF8: GLP Storage | AG8: 218.58065 | AH8: =AG8*AF$3 -> 1311.4839 | AJ8: GLP | AK8: 111.20889 | AL8: =(AK8-'0. Current system'!$G8)/'0. Current system'!$G8 -> -0.35240608 | AM8: =(AK8-'1. Diesel, no storage'!$G8)/'1. Diesel, no storage'!$G8 -> -0.047646896 | AN8: =(AK8-'2. Diesel-battery-storage'!$BE8)/'2. Diesel-battery-storage'!$BE8 -> 0.27827668 | AO8: =(AK8-$G8)/$G8 -> 0.0021596075 | AP8: =AK8*AP35 -> 222770.33 | AZ8: GLP Storage | BA8: 320 | BB8: =BA8*AZ$3 -> 1920 | BD8: GLP | BE8: 108.14316 | BF8: =(BE8-'0. Current system'!$G8)/'0. Current system'!$G8 -> -0.37025852 | BG8: =(BE8-'1. Diesel, no storage'!$G8)/'1. Diesel, no storage'!$G8 -> -0.073900735 | BJ8: =BE8*BJ35 -> 216629.15
B9: GRD Storage | C9: 45 | D9: =C9*B$3 -> 270 | F9: GRD | G9: 88.133585 | H9: =(G9-'0. Current system'!$G9)/'0. Current system'!$G9 -> -0.562961 | I9: =(G9-'1. Diesel, no storage'!$G9)/'1. Diesel, no storage'!$G9 -> -0.26044486 | L9: =G9*L36 -> 23268.915 | Q9: GRD Storage | R9: 45 | S9: =R9*Q$3 -> 270 | U9: GRD | V9: 87.924669 | W9: =(V9-'0. Current system'!$G9)/'0. Current system'!$G9 -> -0.56399698 | X9: =(V9-'1. Diesel, no storage'!$G9)/'1. Diesel, no storage'!$G9 -> -0.26219793 | AA9: =V9*AA36 -> 23213.757 | AF9: GRD Storage | AG9: 40.954963 | AH9: =AG9*AF$3 -> 245.72978 | AJ9: GRD | AK9: 114.17606 | AL9: =(AK9-'0. Current system'!$G9)/'0. Current system'!$G9 -> -0.43382091 | AM9: =(AK9-'1. Diesel, no storage'!$G9)/'1. Diesel, no storage'!$G9 -> -0.041914657 | AN9: =(AK9-'2. Diesel-battery-storage'!$BE9)/'2. Diesel-battery-storage'!$BE9 -> 0.24629511 | AO9: =(AK9-$G9)/$G9 -> 0.29548872 | AP9: =AK9*AP36 -> 30144.616 | AZ9: GRD Storage | BA9: 45 | BB9: =BA9*AZ$3 -> 270 | BD9: GRD | BE9: 100.77789 | BF9: =(BE9-'0. Current system'!$G9)/'0. Current system'!$G9 -> -0.50026011 | BG9: =(BE9-'1. Diesel, no storage'!$G9)/'1. Diesel, no storage'!$G9 -> -0.15434273 | BJ9: =BE9*BJ36 -> 26607.248
B10: LCA Storage | C10: 75 | D10: =C10*B$3 -> 450 | F10: LCA | G10: 93.748254 | H10: =(G10-'0. Current system'!$G10)/'0. Current system'!$G10 -> -0.53471407 | I10: =(G10-'1. Diesel, no storage'!$G10)/'1. Diesel, no storage'!$G10 -> -0.20946875 | L10: =G10*L37 -> 44384.117 | Q10: LCA Storage | R10: 51.420274 | S10: =R10*Q$3 -> 308.52164 | U10: LCA | V10: 94.21663 | W10: =(V10-'0. Current system'!$G10)/'0. Current system'!$G10 -> -0.53238945 | X10: =(V10-'1. Diesel, no storage'!$G10)/'1. Diesel, no storage'!$G10 -> -0.20551917 | AA10: =V10*AA37 -> 44605.865 | AF10: LCA Storage | AG10: 73.123336 | AH10: =AG10*AF$3 -> 438.74002 | AJ10: LCA | AK10: 118.57081 | AL10: =(AK10-'0. Current system'!$G10)/'0. Current system'!$G10 -> -0.41151621 | AM10: =(AK10-'1. Diesel, no storage'!$G10)/'1. Diesel, no storage'!$G10 -> -0.00015281359 | AN10: =(AK10-'2. Diesel-battery-storage'!$BE10)/'2. Diesel-battery-storage'!$BE10 -> 0.26811827 | AO10: =(AK10-$G10)/$G10 -> 0.26477882 | AP10: =AK10*AP37 -> 56136.091 | AZ10: LCA Storage | BA10: 75 | BB10: =BA10*AZ$3 -> 450 | BD10: LCA | BE10: 109.42008 | BF10: =(BE10-'0. Current system'!$G10)/'0. Current system'!$G10 -> -0.45693258 | BG10: =(BE10-'1. Diesel, no storage'!$G10)/'1. Diesel, no storage'!$G10 -> -0.077316248 | BJ10: =BE10*BJ37 -> 51803.776
B11: MSR Storage | C11: 2.306649 | D11: =C11*B$3 -> 13.839894 | F11: MSR | G11: 117.54768 | H11: =(G11-'0. Current system'!$G11)/'0. Current system'!$G11 -> -0.38522439 | I11: =(G11-'1. Diesel, no storage'!$G11)/'1. Diesel, no storage'!$G11 -> -0.090343201 | L11: =G11*L38 -> 1926.6675 | Q11: MSR Storage | R11: 2.021775 | S11: =R11*Q$3 -> 12.13065 | U11: MSR | V11: 111.67827 | W11: =(V11-'0. Current system'!$G11)/'0. Current system'!$G11 -> -0.41592147 | X11: =(V11-'1. Diesel, no storage'!$G11)/'1. Diesel, no storage'!$G11 -> -0.13576433 | AA11: =V11*AA38 -> 1830.4649 | AF11: MSR Storage | AG11: 1.000003 | AH11: =AG11*AF$3 -> 6.000018 | AJ11: MSR | AK11: 120.86994 | AL11: =(AK11-'0. Current system'!$G11)/'0. Current system'!$G11 -> -0.36784892 | AM11: =(AK11-'1. Diesel, no storage'!$G11)/'1. Diesel, no storage'!$G11 -> -0.064633471 | AN11: =(AK11-'2. Diesel-battery-storage'!$BE11)/'2. Diesel-battery-storage'!$BE11 -> 0.14198015 | AO11: =(AK11-$G11)/$G11 -> 0.02826311 | AP11: =AK11*AP38 -> 1981.1212 | AZ11: MSR Storage | BA11: 2.306649 | BB11: =BA11*AZ$3 -> 13.839894 | BD11: MSR | BE11: 117.54768 | BF11: =(BE11-'0. Current system'!$G11)/'0. Current system'!$G11 -> -0.38522439 | BG11: =(BE11-'1. Diesel, no storage'!$G11)/'1. Diesel, no storage'!$G11 -> -0.090343201 | BJ11: =BE11*BJ38 -> 1926.6675
B12: MTQ Storage | C12: 250 | D12: =C12*B$3 -> 1500 | F12: MTQ | G12: 95.742017 | H12: =(G12-'0. Current system'!$G12)/'0. Current system'!$G12 -> -0.48443785 | I12: =(G12-'1. Diesel, no storage'!$G12)/'1. Diesel, no storage'!$G12 -> -0.19376842 | L12: =G12*L39 -> 174353.23 | Q12: MTQ Storage | R12: 250 | S12: =R12*Q$3 -> 1500 | U12: MTQ | V12: 91.223966 | W12: =(V12-'0. Current system'!$G12)/'0. Current system'!$G12 -> -0.50876715 | X12: =(V12-'1. Diesel, no storage'!$G12)/'1. Diesel, no storage'!$G12 -> -0.23181437 | AA12: =V12*AA39 -> 166125.53 | AF12: MTQ Storage | AG12: 250 | AH12: =AG12*AF$3 -> 1500 | AJ12: MTQ | AK12: 107.03913 | AL12: =(AK12-'0. Current system'!$G12)/'0. Current system'!$G12 -> -0.42360391 | AM12: =(AK12-'1. Diesel, no storage'!$G12)/'1. Diesel, no storage'!$G12 -> -0.098636835 | AN12: =(AK12-'2. Diesel-battery-storage'!$BE12)/'2. Diesel-battery-storage'!$BE12 -> 0.17555148 | AO12: =(AK12-$G12)/$G12 -> 0.11799536 | AP12: =AK12*AP39 -> 194926.1 | AZ12: MTQ Storage | BA12: 250 | BB12: =BA12*AZ$3 -> 1500 | BD12: MTQ | BE12: 98.126442 | BF12: =(BE12-'0. Current system'!$G12)/'0. Current system'!$G12 -> -0.47159794 | BG12: =(BE12-'1. Diesel, no storage'!$G12)/'1. Diesel, no storage'!$G12 -> -0.17368948 | BJ12: =BE12*BJ39 -> 178695.44
B13: SKN Storage | C13: 32.806589 | D13: =C13*B$3 -> 196.83953 | F13: SKN | G13: 117.85174 | H13: =(G13-'0. Current system'!$G13)/'0. Current system'!$G13 -> -0.40444367 | I13: =(G13-'1. Diesel, no storage'!$G13)/'1. Diesel, no storage'!$G13 -> -0.035489209 | L13: =G13*L40 -> 32195.074 | Q13: SKN Storage | R13: 44.776116 | S13: =R13*Q$3 -> 268.6567 | U13: SKN | V13: 111.60847 | W13: =(V13-'0. Current system'!$G13)/'0. Current system'!$G13 -> -0.43599366 | X13: =(V13-'1. Diesel, no storage'!$G13)/'1. Diesel, no storage'!$G13 -> -0.086584799 | AA13: =V13*AA40 -> 30489.519 | AF13: SKN Storage | AG13: 41.221412 | AH13: =AG13*AF$3 -> 247.32847 | AJ13: SKN | AK13: 121.70881 | AL13: =(AK13-'0. Current system'!$G13)/'0. Current system'!$G13 -> -0.38495222 | AM13: =(AK13-'1. Diesel, no storage'!$G13)/'1. Diesel, no storage'!$G13 -> -0.0039225588 | AN13: =(AK13-'2. Diesel-battery-storage'!$BE13)/'2. Diesel-battery-storage'!$BE13 -> 0.22706514 | AO13: =(AK13-$G13)/$G13 -> 0.032728146 | AP13: =AK13*AP40 -> 33248.759 | AZ13: SKN Storage | BA13: 32.806589 | BB13: =BA13*AZ$3 -> 196.83953 | BD13: SKN | BE13: 117.85174 | BF13: =(BE13-'0. Current system'!$G13)/'0. Current system'!$G13 -> -0.40444367 | BG13: =(BE13-'1. Diesel, no storage'!$G13)/'1. Diesel, no storage'!$G13 -> -0.035489209 | BJ13: =BE13*BJ40 -> 32195.074
B14: SVG Storage | C14: 24.402024 | D14: =C14*B$3 -> 146.41214 | F14: SVG | G14: 61.815058 | H14: =(G14-'0. Current system'!$G14)/'0. Current system'!$G14 -> -0.60679067 | I14: =(G14-'1. Diesel, no storage'!$G14)/'1. Diesel, no storage'!$G14 -> -0.062122012 | L14: =G14*L41 -> 11257.548 | Q14: SVG Storage | R14: 26.561373 | S14: =R14*Q$3 -> 159.36824 | U14: SVG | V14: 62.12144 | W14: =(V14-'0. Current system'!$G14)/'0. Current system'!$G14 -> -0.60484175 | X14: =(V14-'1. Diesel, no storage'!$G14)/'1. Diesel, no storage'!$G14 -> -0.057473485 | AA14: =V14*AA41 -> 11313.346 | AF14: SVG Storage | AG14: 30 | AH14: =AG14*AF$3 -> 180 | AJ14: SVG | AK14: 77.978118 | AL14: =(AK14-'0. Current system'!$G14)/'0. Current system'!$G14 -> -0.50397646 | AM14: =(AK14-'1. Diesel, no storage'!$G14)/'1. Diesel, no storage'!$G14 -> 0.18310915 | AN14: =(AK14-'2. Diesel-battery-storage'!$BE14)/'2. Diesel-battery-storage'!$BE14 -> 0.50982744 | AO14: =(AK14-$G14)/$G14 -> 0.26147448 | AP14: =AK14*AP41 -> 14201.11 | AZ14: SVG Storage | BA14: 29.226647 | BB14: =BA14*AZ$3 -> 175.35988 | BD14: SVG | BE14: 62.356621 | BF14: =(BE14-'0. Current system'!$G14)/'0. Current system'!$G14 -> -0.60334575 | BG14: =(BE14-'1. Diesel, no storage'!$G14)/'1. Diesel, no storage'!$G14 -> -0.053905244 | BJ14: =BE14*BJ41 -> 11356.176
B16: Capacity [MW] | L16: =SUM(L5:L14)/SUM(L32:L41) -> 93.848657 | M16: =SUM(L7:L14)/SUM(L34:L41) -> 101.51386 | Q16: Capacity [MW] | AA16: =SUM(AA5:AA14)/SUM(AA32:AA41) -> 91.127653 | AB16: =SUM(AA7:AA14)/SUM(AA34:AA41) -> 97.928732 | AF16: Capacity [MW] | AP16: =SUM(AP5:AP14)/SUM(AP32:AP41) -> 105.73736 | AQ16: =SUM(AP7:AP14)/SUM(AP34:AP41) -> 109.98769 | AZ16: Capacity [MW] | BJ16: =SUM(BJ5:BJ14)/SUM(BJ32:BJ41) -> 95.251314 | BK16: =SUM(BJ7:BJ14)/SUM(BJ34:BJ41) -> 103.36194
B17: Technology | C17: biomass | D17: coal | E17: diesel | F17: geothermal | G17: hydro | H17: solar pv | I17: wind | J17: Frac of max solar | K17: Frac of max wind | Q17: Technology | R17: biomass | S17: coal | T17: diesel | U17: geothermal | V17: hydro | W17: solar pv | X17: wind | Y17: Frac of max solar | Z17: Frac of max wind | AF17: Technology | AG17: biomass | AH17: coal | AI17: diesel | AJ17: geothermal | AK17: hydro | AL17: solar pv | AM17: wind | AN17: Frac of max solar | AO17: Frac of max wind | AZ17: Technology | BA17: biomass | BB17: coal | BC17: diesel | BD17: geothermal | BE17: hydro | BF17: solar pv | BG17: wind | BH17: Frac of max solar | BI17: Frac of max wind
B18: Country | Q18: Country | AF18: Country | AZ18: Country
B19: ATG | C19: NaN | D19: NaN | E19: 41.697679 | F19: NaN | G19: NaN | H19: 89.103696 | I19: 92.191544 | J19: =H19/('Max capacities'!$E4) -> 0.2408208 | K19: =I19/('Max capacities'!$F4) -> 0.92191544 | Q19: ATG | R19: NaN | S19: NaN | T19: 41.661797 | U19: NaN | V19: NaN | W19: 89.240721 | X19: 92.108883 | Y19: =W19/('Max capacities'!$E4) -> 0.24119114 | Z19: =X19/('Max capacities'!$F4) -> 0.92108883 | AF19: ATG | AG19: NaN | AH19: NaN | AI19: 33.032708 | AJ19: NaN | AK19: NaN | AL19: 157.82086 | AM19: 17.674773 | AN19: =AL19/('Max capacities'!$E4) -> 0.42654287 | AO19: =AM19/('Max capacities'!$F4) -> 0.17674773 | AZ19: ATG | BA19: NaN | BB19: NaN | BC19: 41.661797 | BD19: NaN | BE19: NaN | BF19: 89.240721 | BG19: 92.108883 | BH19: =BF19/('Max capacities'!$E4) -> 0.24119114 | BI19: =BG19/('Max capacities'!$F4) -> 0.92108883
B20: BRB | C20: 0 | D20: NaN | E20: 75.508919 | F20: NaN | G20: NaN | H20: 354.35835 | I20: 150 | J20: =H20/('Max capacities'!$E5) -> 0.62168132 | K20: =I20/('Max capacities'!$F5) -> 1 | Q20: BRB | R20: 0 | S20: NaN | T20: 75.508919 | U20: NaN | V20: NaN | W20: 354.35835 | X20: 150 | Y20: =W20/('Max capacities'!$E5) -> 0.62168132 | Z20: =X20/('Max capacities'!$F5) -> 1 | AF20: BRB | AG20: 10 | AH20: NaN | AI20: 69.266918 | AJ20: NaN | AK20: NaN | AL20: 350.62499 | AM20: 76.3306 | AN20: =AL20/('Max capacities'!$E5) -> 0.61513156 | AO20: =AM20/('Max capacities'!$F5) -> 0.50887067 | AZ20: BRB | BA20: 0 | BB20: NaN | BC20: 75.508919 | BD20: NaN | BE20: NaN | BF20: 354.35835 | BG20: 150 | BH20: =BF20/('Max capacities'!$E5) -> 0.62168132 | BI20: =BG20/('Max capacities'!$F5) -> 1
B21: DMA | C21: NaN | D21: NaN | E21: 0 | F21: 15 | G21: 6.6 | H21: 0 | I21: 0 | J21: =H21/('Max capacities'!$E6) -> 0 | K21: =I21/('Max capacities'!$F6) -> 0 | Q21: DMA | R21: NaN | S21: NaN | T21: 0 | U21: 15 | V21: 6.6 | W21: 0 | X21: 8.946609 | Y21: =W21/('Max capacities'!$E6) -> 0 | Z21: =X21/('Max capacities'!$F6) -> 0.02982203 | AF21: DMA | AG21: NaN | AH21: NaN | AI21: 0 | AJ21: 15 | AK21: 6.6 | AL21: 0 | AM21: 0 | AN21: =AL21/('Max capacities'!$E6) -> 0 | AO21: =AM21/('Max capacities'!$F6) -> 0 | AZ21: DMA | BA21: NaN | BB21: NaN | BC21: 0 | BD21: 15 | BE21: 6.6 | BF21: 0 | BG21: 0 | BH21: =BF21/('Max capacities'!$E6) -> 0 | BI21: =BG21/('Max capacities'!$F6) -> 0
B22: GLP | C22: 10 | D22: 0 | E22: 0 | F22: 100 | G22: 15 | H22: 1212.1124 | I22: 110.03115 | J22: =H22/('Max capacities'!$E7) -> 0.55096017 | K22: =I22/('Max capacities'!$F7) -> 0.18338525 | Q22: GLP | R22: 10 | S22: 0 | T22: 0 | U22: 100 | V22: 15 | W22: 1212.1124 | X22: 110.03115 | Y22: =W22/('Max capacities'!$E7) -> 0.55096017 | Z22: =X22/('Max capacities'!$F7) -> 0.18338525 | AF22: GLP | AG22: 10 | AH22: 0 | AI22: 0 | AJ22: 197.22781 | AK22: 15 | AL22: 300.60913 | AM22: 34.743802 | AN22: =AL22/('Max capacities'!$E7) -> 0.13664051 | AO22: =AM22/('Max capacities'!$F7) -> 0.057906337 | AZ22: GLP | BA22: 10 | BB22: 0 | BC22: 0 | BD22: 138.11755 | BE22: 15 | BF22: 654.58933 | BG22: 168.9545 | BH22: =BF22/('Max capacities'!$E7) -> 0.2975406 | BI22: =BG22/('Max capacities'!$F7) -> 0.28159083
B23: GRD | C23: NaN | D23: NaN | E23: 0 | F23: 6.117797 | G23: 0 | H23: 92.710477 | I23: 80.223934 | J23: =H23/('Max capacities'!$E8) -> 0.19725633 | K23: =I23/('Max capacities'!$F8) -> 0.66853278 | Q23: GRD | R23: NaN | S23: NaN | T23: 0 | U23: 11.248056 | V23: 0 | W23: 68.181969 | X23: 63.505211 | Y23: =W23/('Max capacities'!$E8) -> 0.14506802 | Z23: =X23/('Max capacities'!$F8) -> 0.52921009 | AF23: GRD | AG23: NaN | AH23: NaN | AI23: 0 | AJ23: 27.60799 | AK23: 0 | AL23: 20.058917 | AM23: 10.859793 | AN23: =AL23/('Max capacities'!$E8) -> 0.042678547 | AO23: =AM23/('Max capacities'!$F8) -> 0.090498275 | AZ23: GRD | BA23: NaN | BB23: NaN | BC23: 0 | BD23: 19.343406 | BE23: 0 | BF23: 36.885733 | BG23: 38.226805 | BH23: =BF23/('Max capacities'!$E8) -> 0.078480283 | BI23: =BG23/('Max capacities'!$F8) -> 0.31855671
B24: LCA | C24: NaN | D24: NaN | E24: 0 | F24: 15.346435 | G24: NaN | H24: 157.66397 | I24: 145.37523 | J24: =H24/('Max capacities'!$E9) -> 0.19707996 | K24: =I24/('Max capacities'!$F9) -> 0.72687612 | Q24: LCA | R24: NaN | S24: NaN | T24: 0 | U24: 30 | V24: NaN | W24: 113.34645 | X24: 101.85773 | Y24: =W24/('Max capacities'!$E9) -> 0.14168306 | Z24: =X24/('Max capacities'!$F9) -> 0.50928865 | AF24: LCA | AG24: NaN | AH24: NaN | AI24: 0 | AJ24: 49.921297 | AK24: NaN | AL24: 77.027941 | AM24: 5.79505 | AN24: =AL24/('Max capacities'!$E9) -> 0.096284926 | AO24: =AM24/('Max capacities'!$F9) -> 0.02897525 | AZ24: LCA | BA24: NaN | BB24: NaN | BC24: 0 | BD24: 38.942455 | BE24: NaN | BF24: 109.54749 | BG24: 42.584144 | BH24: =BF24/('Max capacities'!$E9) -> 0.13693436 | BI24: =BG24/('Max capacities'!$F9) -> 0.21292072
B25: MSR | C25: NaN | D25: NaN | E25: 0 | F25: 1.5 | G25: NaN | H25: 4.866103 | I25: 0.861501 | J25: =H25/('Max capacities'!$E10) -> 0.036587241 | K25: =I25/('Max capacities'!$F10) -> 0.0287167 | Q25: MSR | R25: NaN | S25: NaN | T25: 0 | U25: 1.5 | V25: NaN | W25: 4.864539 | X25: 1.309564 | Y25: =W25/('Max capacities'!$E10) -> 0.036575481 | Z25: =X25/('Max capacities'!$F10) -> 0.043652133 | AF25: MSR | AG25: NaN | AH25: NaN | AI25: 0 | AJ25: 2.008263 | AK25: NaN | AL25: 1.874238 | AM25: 0.059557 | AN25: =AL25/('Max capacities'!$E10) -> 0.014092015 | AO25: =AM25/('Max capacities'!$F10) -> 0.0019852333 | AZ25: MSR | BA25: NaN | BB25: NaN | BC25: 0 | BD25: 1.5 | BE25: NaN | BF25: 4.866103 | BG25: 0.861501 | BH25: =BF25/('Max capacities'!$E10) -> 0.036587241 | BI25: =BG25/('Max capacities'!$F10) -> 0.0287167
B26: MTQ | C26: 41.4 | D26: NaN | E26: 0 | F26: 81.008469 | G26: NaN | H26: 433.50941 | I26: 400 | J26: =H26/('Max capacities'!$E11) -> 0.28900627 | K26: =I26/('Max capacities'!$F11) -> 1 | Q26: MTQ | R26: 41.4 | S26: NaN | T26: 0 | U26: 92.842234 | V26: NaN | W26: 338.96833 | X26: 365.57801 | Y26: =W26/('Max capacities'!$E11) -> 0.22597888 | Z26: =X26/('Max capacities'!$F11) -> 0.91394503 | AF26: MTQ | AG26: 41.4 | AH26: NaN | AI26: 0 | AJ26: 148.31698 | AK26: NaN | AL26: 237.24515 | AM26: 71.543142 | AN26: =AL26/('Max capacities'!$E11) -> 0.15816343 | AO26: =AM26/('Max capacities'!$F11) -> 0.17885786 | AZ26: MTQ | BA26: 41.4 | BB26: NaN | BC26: 0 | BD26: 108.45981 | BE26: NaN | BF26: 362.58408 | BG26: 239.89014 | BH26: =BF26/('Max capacities'!$E11) -> 0.24172272 | BI26: =BG26/('Max capacities'!$F11) -> 0.59972536
B27: SKN | C27: NaN | D27: NaN | E27: 0 | F27: 27.051564 | G27: NaN | H27: 72.840369 | I27: 7.922296 | J27: =H27/('Max capacities'!$E12) -> 0.20811534 | K27: =I27/('Max capacities'!$F12) -> 0.07922296 | Q27: SKN | R27: NaN | S27: NaN | T27: 0 | U27: 21.663859 | V27: NaN | W27: 105.36703 | X27: 21.584164 | Y27: =W27/('Max capacities'!$E12) -> 0.30104866 | Z27: =X27/('Max capacities'!$F12) -> 0.21584164 | AF27: SKN | AG27: NaN | AH27: NaN | AI27: 0 | AJ27: 30 | AK27: NaN | AL27: 44.872269 | AM27: 2.2 | AN27: =AL27/('Max capacities'!$E12) -> 0.12820648 | AO27: =AM27/('Max capacities'!$F12) -> 0.022 | AZ27: SKN | BA27: NaN | BB27: NaN | BC27: 0 | BD27: 27.051564 | BE27: NaN | BF27: 72.840369 | BG27: 7.922296 | BH27: =BF27/('Max capacities'!$E12) -> 0.20811534 | BI27: =BG27/('Max capacities'!$F12) -> 0.07922296
B28: SVG | C28: NaN | D28: NaN | E28: 0 | F28: 0 | G28: 8 | H28: 50.943583 | I28: 44.717267 | J28: =H28/('Max capacities'!$E13) -> 0.11074692 | K28: =I28/('Max capacities'!$F13) -> 0.37264389 | Q28: SVG | R28: NaN | S28: NaN | T28: 0 | U28: 0.44512 | V28: 8 | W28: 50.859647 | X28: 39.268259 | Y28: =W28/('Max capacities'!$E13) -> 0.11056445 | Z28: =X28/('Max capacities'!$F13) -> 0.32723549 | AF28: SVG | AG28: NaN | AH28: NaN | AI28: 0 | AJ28: 7.310532 | AK28: 8 | AL28: 37.659772 | AM28: 10.062004 | AN28: =AL28/('Max capacities'!$E13) -> 0.08186907 | AO28: =AM28/('Max capacities'!$F13) -> 0.083850033 | AZ28: SVG | BA28: NaN | BB28: NaN | BC28: 0 | BD28: 0 | BE28: 8 | BF28: 52.849833 | BG28: 39.073071 | BH28: =BF28/('Max capacities'!$E13) -> 0.11489094 | BI28: =BG28/('Max capacities'!$F13) -> 0.32560892
B29: Generation [GWh] | J29: solar pv fraction | K29: wind fraction | L29: total generation | M29: CO2 emissions [ktCO2] | N29: CO2 reduction [ktCO2] | O29: % CO2 reduction | Q29: Generation [GWh] | Y29: solar pv fraction | Z29: wind fraction | AA29: total generation | AB29: CO2 emissions [ktCO2] | AC29: CO2 reduction [ktCO2] | AD29: % CO2 reduction | AF29: Generation [GWh] | AN29: solar pv fraction | AO29: wind fraction | AP29: total generation | AQ29: CO2 emissions [ktCO2] | AR29: CO2 reduction [ktCO2] | AS29: Additional CO2 reduction [ktCO2] | AT29: Remaining fractional emissions reduced | AU29: Cost of CO2 reduction [$/tCO2] | AV29: Marginal cost of last CO2 reduction [$/tCO2] | AW29: Total cost for zero emissions [million US$] | AX29: Effective average cost of carbon [$/tCO2] | AZ29: Generation [GWh] | BH29: solar pv fraction | BI29: wind fraction | BJ29: total generation | BK29: CO2 emissions [ktCO2] | BL29: CO2 reduction [ktCO2] | BM29: Additional CO2 reduction [ktCO2] | BN29: Remaining fractional emissions reduced | BO29: Cost of CO2 reduction [$/tCO2] | BP29: Marginal cost of last CO2 reduction [$/tCO2] | BQ29: Total cost for zero emissions [million US$] | BR29: Effective average cost of carbon [$/tCO2]
B30: Technology | C30: biomass | D30: coal | E30: diesel | F30: geothermal | G30: hydro | H30: solar pv | I30: wind | Q30: Technology | R30: biomass | S30: coal | T30: diesel | U30: geothermal | V30: hydro | W30: solar pv | X30: wind | AF30: Technology | AG30: biomass | AH30: coal | AI30: diesel | AJ30: geothermal | AK30: hydro | AL30: solar pv | AM30: wind | AZ30: Technology | BA30: biomass | BB30: coal | BC30: diesel | BD30: geothermal | BE30: hydro | BF30: solar pv | BG30: wind
B31: Country | Q31: Country | AF31: Country | AZ31: Country
B32: ATG | C32: NaN | D32: NaN | E32: 33.830101 | F32: NaN | G32: NaN | H32: 107.64728 | I32: 295.53866 | J32: =H32/(SUM(C32:I32)) -> 0.24632341 | K32: =I32/(SUM(D32:J32)) -> 0.67588405 | L32: =SUM(C32:I32) -> 437.01604 | M32: =E32*E$57 -> 22.327867 | N32: =(M32-'0. Current system'!$L32) -> -259.0435 | O32: =(M32-'0. Current system'!$L32)/'0. Current system'!$L32 -> -0.92064627 | Q32: ATG | R32: NaN | S32: NaN | T32: 33.784961 | U32: NaN | V32: NaN | W32: 101.18634 | X32: 302.04474 | Y32: =W32/(SUM(R32:X32)) -> 0.23153919 | Z32: =X32/(SUM(S32:Y32)) -> 0.69078653 | AA32: =SUM(R32:X32) -> 437.01604 | AB32: =T32*T$57 -> 22.298074 | AC32: =(AB32-'0. Current system'!$L32) -> -259.07329 | AD32: =(AB32-'0. Current system'!$L32)/'0. Current system'!$L32 -> -0.92075215 | AF32: ATG | AG32: NaN | AH32: NaN | AI32: 83.473933 | AJ32: NaN | AK32: NaN | AL32: 275.57152 | AM32: 77.970588 | AN32: =AL32/(SUM(AG32:AM32)) -> 0.6305753 | AO32: =AM32/(SUM(AH32:AN32)) -> 0.17815878 | AP32: =SUM(AG32:AM32) -> 437.01604 | AQ32: =AI32*AI$57 -> 55.092796 | AR32: =(AQ32-'0. Current system'!$L32) -> -226.27857 | AS32: =(AQ32-'2. Diesel-battery-storage'!$BK32) -> 0 | AU32: =-(AK5-'0. Current system'!$G5)*SUM(AG32:AM32)/(AQ32-'0. Current system'!$L32) -> -199.19748 | AZ32: ATG | BA32: NaN | BB32: NaN | BC32: 33.784961 | BD32: NaN | BE32: NaN | BF32: 101.03346 | BG32: 302.19762 | BH32: =BF32/(SUM(BA32:BG32)) -> 0.23118935 | BI32: =BG32/(SUM(BB32:BH32)) -> 0.69113674 | BJ32: =SUM(BA32:BG32) -> 437.01604 | BK32: =BC32*BC$57 -> 22.298074 | BL32: =(BK32-'0. Current system'!$L32) -> -259.07329 | BM32: =-(BK32-'2. Diesel-battery-storage'!$BK32) -> 32.794722 | BO32: =-(BE5-'0. Current system'!$G5)*SUM(BA32:BG32)/(BK32-'0. Current system'!$L32) -> -216.47401
B33: BRB | C33: 0 | D33: NaN | E33: 75.238556 | F33: NaN | G33: NaN | H33: 471.73172 | I33: 654.95182 | J33: =H33/(SUM(C33:I33)) -> 0.39248111 | K33: =I33/(SUM(D33:J33)) -> 0.54474248 | L33: =SUM(C33:I33) -> 1201.9221 | M33: =E33*E$57 -> 49.657447 | N33: =(M33-'0. Current system'!$L33) -> -617.7199 | O33: =(M33-'0. Current system'!$L33)/'0. Current system'!$L33 -> -0.92559315 | Q33: BRB | R33: 0 | S33: NaN | T33: 75.238556 | U33: NaN | V33: NaN | W33: 498.90644 | X33: 627.77711 | Y33: =W33/(SUM(R33:X33)) -> 0.4150905 | Z33: =X33/(SUM(S33:Y33)) -> 0.52213065 | AA33: =SUM(R33:X33) -> 1201.9221 | AB33: =T33*T$57 -> 49.657447 | AC33: =(AB33-'0. Current system'!$L33) -> -617.7199 | AD33: =(AB33-'0. Current system'!$L33)/'0. Current system'!$L33 -> -0.92559315 | AF33: BRB | AG33: 69.730574 | AH33: NaN | AI33: 147.27303 | AJ33: NaN | AK33: NaN | AL33: 610.59942 | AM33: 374.31908 | AN33: =AL33/(SUM(AG33:AM33)) -> 0.50801913 | AO33: =AM33/(SUM(AH33:AN33)) -> 0.33046634 | AP33: =SUM(AG33:AM33) -> 1201.9221 | AQ33: =AI33*AI$57 -> 97.2002 | AR33: =(AQ33-'0. Current system'!$L33) -> -570.17714 | AS33: =(AQ33-'2. Diesel-battery-storage'!$BK33) -> 0 | AU33: =-(AK6-'0. Current system'!$G6)*SUM(AG33:AM33)/(AQ33-'0. Current system'!$L33) -> -199.41721 | AZ33: BRB | BA33: 0 | BB33: NaN | BC33: 75.238556 | BD33: NaN | BE33: NaN | BF33: 498.72847 | BG33: 627.95508 | BH33: =BF33/(SUM(BA33:BG33)) -> 0.41494242 | BI33: =BG33/(SUM(BB33:BH33)) -> 0.52227874 | BJ33: =SUM(BA33:BG33) -> 1201.9221 | BK33: =BC33*BC$57 -> 49.657447 | BL33: =(BK33-'0. Current system'!$L33) -> -617.7199 | BM33: =-(BK33-'2. Diesel-battery-storage'!$BK33) -> 47.542754 | BO33: =-(BE6-'0. Current system'!$G6)*SUM(BA33:BG33)/(BK33-'0. Current system'!$L33) -> -226.32125
B34: DMA | C34: NaN | D34: NaN | E34: 0 | F34: 82.7372 | G34: 44.7437 | H34: 0 | I34: 0 | J34: =H34/(SUM(C34:I34)) -> 0 | K34: =I34/(SUM(D34:J34)) -> 0 | L34: =SUM(C34:I34) -> 127.4809 | M34: =E34*E$57 -> 0 | N34: =(M34-'0. Current system'!$L34) -> -45.978834 | O34: =(M34-'0. Current system'!$L34)/'0. Current system'!$L34 -> -1 | Q34: DMA | R34: NaN | S34: NaN | T34: 0 | U34: 27.799055 | V34: 55.289935 | W34: 0 | X34: 44.391911 | Y34: =W34/(SUM(R34:X34)) -> 0 | Z34: =X34/(SUM(S34:Y34)) -> 0.34822401 | AA34: =SUM(R34:X34) -> 127.4809 | AB34: =T34*T$57 -> 0 | AC34: =(AB34-'0. Current system'!$L34) -> -45.978834 | AD34: =(AB34-'0. Current system'!$L34)/'0. Current system'!$L34 -> -1 | AF34: DMA | AG34: NaN | AH34: NaN | AI34: 0 | AJ34: 82.7372 | AK34: 44.7437 | AL34: 0 | AM34: 0 | AN34: =AL34/(SUM(AG34:AM34)) -> 0 | AO34: =AM34/(SUM(AH34:AN34)) -> 0 | AP34: =SUM(AG34:AM34) -> 127.4809 | AQ34: =AI34*AI$57 -> 0 | AR34: =(AQ34-'0. Current system'!$L34) -> -45.978834 | AS34: =(AQ34-'2. Diesel-battery-storage'!$BK34) -> 0 | AT34: =1+'2. Diesel-battery-storage'!$AG34 -> 0 | AU34: =-(AK7-'0. Current system'!$G7)*SUM(AG34:AM34)/(AQ34-'0. Current system'!$L34) -> -47.932955 | AW34: =AV34*AS34/1000+'2. Diesel-battery-storage'!$BP34 -> -2.2039014 | AX34: =AW34/'0. Current system'!$L34*1000 -> -47.932955 | AZ34: DMA | BA34: NaN | BB34: NaN | BC34: 0 | BD34: 82.7372 | BE34: 44.7437 | BF34: 0 | BG34: 0 | BH34: =BF34/(SUM(BA34:BG34)) -> 0 | BI34: =BG34/(SUM(BB34:BH34)) -> 0 | BJ34: =SUM(BA34:BG34) -> 127.4809 | BK34: =BC34*BC$57 -> 0 | BL34: =(BK34-'0. Current system'!$L34) -> -45.978834 | BM34: =-(BK34-'2. Diesel-battery-storage'!$BK34) -> 0 | BN34: =1+'2. Diesel-battery-storage'!$AG34 -> 0 | BO34: =-(BE7-'0. Current system'!$G7)*SUM(BA34:BG34)/(BK34-'0. Current system'!$L34) -> -47.932955 | BQ34: =BP34*BM34/1000+'2. Diesel-battery-storage'!$BP34 -> -2.2039014 | BR34: =BQ34/'0. Current system'!$L34*1000 -> -47.932955
B35: GLP | C35: 0.972684 | D35: 0 | E35: 0 | F35: 531.51525 | G35: 7.030208 | H35: 1050.4724 | I35: 413.17962 | J35: =H35/(SUM(C35:I35)) -> 0.52440498 | K35: =I35/(SUM(D35:J35)) -> 0.20630903 | L35: =SUM(C35:I35) -> 2003.1702 | M35: =E35*E$57 -> 0 | N35: =(M35-'0. Current system'!$L35) -> -1006.1094 | O35: =(M35-'0. Current system'!$L35)/'0. Current system'!$L35 -> -1 | Q35: GLP | R35: 0.972684 | S35: 0 | T35: 0 | U35: 86.864993 | V35: 49.186117 | W35: 1394.0981 | X35: 472.04827 | Y35: =W35/(SUM(R35:X35)) -> 0.69594592 | Z35: =X35/(SUM(S35:Y35)) -> 0.23568317 | AA35: =SUM(R35:X35) -> 2003.1702 | AB35: =T35*T$57 -> 0 | AC35: =(AB35-'0. Current system'!$L35) -> -1006.1094 | AD35: =(AB35-'0. Current system'!$L35)/'0. Current system'!$L35 -> -1 | AF35: GLP | AG35: 1.044326 | AH35: 0 | AI35: 0 | AJ35: 1195.7436 | AK35: 116.56009 | AL35: 531.79635 | AM35: 158.02579 | AN35: =AL35/(SUM(AG35:AM35)) -> 0.26547737 | AO35: =AM35/(SUM(AH35:AN35)) -> 0.078918536 | AP35: =SUM(AG35:AM35) -> 2003.1702 | AQ35: =AI35*AI$57 -> 0 | AR35: =(AQ35-'0. Current system'!$L35) -> -1006.1094 | AS35: =(AQ35-'2. Diesel-battery-storage'!$BK35) -> -113.04575 | AT35: =1+'2. Diesel-battery-storage'!$AG35 -> 0.11539064 | AU35: =-(AK8-'0. Current system'!$G8)*SUM(AG35:AM35)/(AQ35-'0. Current system'!$L35) -> -120.49049 | AV35: =-(AK8-'2. Diesel-battery-storage'!$BE8)*SUM(AG35:AM35)/(AS35) -> 428.99779 | AW35: =AV35*AS35/1000+'2. Diesel-battery-storage'!$BP35 -> -218.21937 | AX35: =AW35/'0. Current system'!$L35*1000 -> -216.89428 | AZ35: GLP | BA35: 0.822792 | BB35: 0 | BC35: 0 | BD35: 733.9247 | BE35: 5.591153 | BF35: 676.96956 | BG35: 585.862 | BH35: =BF35/(SUM(BA35:BG35)) -> 0.3379491 | BI35: =BG35/(SUM(BB35:BH35)) -> 0.29253821 | BJ35: =SUM(BA35:BG35) -> 2003.1702 | BK35: =BC35*BC$57 -> 0 | BL35: =(BK35-'0. Current system'!$L35) -> -1006.1094 | BM35: =-(BK35-'2. Diesel-battery-storage'!$BK35) -> 113.04575 | BN35: =1+'2. Diesel-battery-storage'!$AG35 -> 0.11539064 | BO35: =-(BE8-'0. Current system'!$G8)*SUM(BA35:BG35)/(BK35-'0. Current system'!$L35) -> -126.59439 | BP35: =(BE8-'2. Diesel-battery-storage'!$BE8)*SUM(BA35:BG35)/(BM35) -> 374.67301 | BQ35: =BP35*BM35/1000+'2. Diesel-battery-storage'!$BP35 -> -127.3678 | BR35: =BQ35/'0. Current system'!$L35*1000 -> -126.59439
B36: GRD | C36: NaN | D36: NaN | E36: 0 | F36: 32.362682 | G36: 0 | H36: 60.055498 | I36: 171.60052 | J36: =H36/(SUM(C36:I36)) -> 0.22746683 | K36: =I36/(SUM(D36:J36)) -> 0.64939644 | L36: =SUM(C36:I36) -> 264.0187 | M36: =E36*E$57 -> 0 | N36: =(M36-'0. Current system'!$L36) -> -169.70997 | O36: =(M36-'0. Current system'!$L36)/'0. Current system'!$L36 -> -1 | Q36: GRD | R36: NaN | S36: NaN | T36: 0 | U36: 6.238746 | V36: 0 | W36: 71.834128 | X36: 185.94583 | Y36: =W36/(SUM(R36:X36)) -> 0.2720797 | Z36: =X36/(SUM(S36:Y36)) -> 0.70356532 | AA36: =SUM(R36:X36) -> 264.0187 | AB36: =T36*T$57 -> 0 | AC36: =(AB36-'0. Current system'!$L36) -> -169.70997 | AD36: =(AB36-'0. Current system'!$L36)/'0. Current system'!$L36 -> -1 | AF36: GRD | AG36: NaN | AH36: NaN | AI36: 0 | AJ36: 177.76793 | AK36: 0 | AL36: 34.227649 | AM36: 52.023122 | AN36: =AL36/(SUM(AG36:AM36)) -> 0.129641 | AO36: =AM36/(SUM(AH36:AN36)) -> 0.19694662 | AP36: =SUM(AG36:AM36) -> 264.0187 | AQ36: =AI36*AI$57 -> 0 | AR36: =(AQ36-'0. Current system'!$L36) -> -169.70997 | AS36: =(AQ36-'2. Diesel-battery-storage'!$BK36) -> -39.653805 | AT36: =1+'2. Diesel-battery-storage'!$AG36 -> 0.2067626 | AU36: =-(AK9-'0. Current system'!$G9)*SUM(AG36:AM36)/(AQ36-'0. Current system'!$L36) -> -136.10029 | AV36: =-(AK9-'2. Diesel-battery-storage'!$BE9)*SUM(AG36:AM36)/(AS36) -> 150.23108 | AW36: =AV36*AS36/1000+'2. Diesel-battery-storage'!$BP36 -> -35.012044 | AX36: =AW36/'0. Current system'!$L36*1000 -> -206.30517 | AZ36: GRD | BA36: NaN | BB36: NaN | BC36: 0 | BD36: 105.77536 | BE36: 0 | BF36: 40.495155 | BG36: 117.74818 | BH36: =BF36/(SUM(BA36:BG36)) -> 0.15337987 | BI36: =BG36/(SUM(BB36:BH36)) -> 0.4457253 | BJ36: =SUM(BA36:BG36) -> 264.0187 | BK36: =BC36*BC$57 -> 0 | BL36: =(BK36-'0. Current system'!$L36) -> -169.70997 | BM36: =-(BK36-'2. Diesel-battery-storage'!$BK36) -> 39.653805 | BN36: =1+'2. Diesel-battery-storage'!$AG36 -> 0.2067626 | BO36: =-(BE9-'0. Current system'!$G9)*SUM(BA36:BG36)/(BK36-'0. Current system'!$L36) -> -156.9439 | BP36: =(BE9-'2. Diesel-battery-storage'!$BE9)*SUM(BA36:BG36)/(BM36) -> 61.024794 | BQ36: =BP36*BM36/1000+'2. Diesel-battery-storage'!$BP36 -> -26.634945 | BR36: =BQ36/'0. Current system'!$L36*1000 -> -156.9439
B37: LCA | C37: NaN | D37: NaN | E37: 0 | F37: 81.352908 | G37: NaN | H37: 105.00336 | I37: 287.08313 | J37: =H37/(SUM(C37:I37)) -> 0.22178839 | K37: =I37/(SUM(D37:J37)) -> 0.60609385 | L37: =SUM(C37:I37) -> 473.4394 | M37: =E37*E$57 -> 0 | N37: =(M37-'0. Current system'!$L37) -> -303.12022 | O37: =(M37-'0. Current system'!$L37)/'0. Current system'!$L37 -> -1 | Q37: LCA | R37: NaN | S37: NaN | T37: 0 | U37: 14.732324 | V37: NaN | W37: 110.03047 | X37: 348.67661 | Y37: =W37/(SUM(R37:X37)) -> 0.23240665 | Z37: =X37/(SUM(S37:Y37)) -> 0.73611434 | AA37: =SUM(R37:X37) -> 473.4394 | AB37: =T37*T$57 -> 0 | AC37: =(AB37-'0. Current system'!$L37) -> -303.12022 | AD37: =(AB37-'0. Current system'!$L37)/'0. Current system'!$L37 -> -1 | AF37: LCA | AG37: NaN | AH37: NaN | AI37: 0 | AJ37: 309.65453 | AK37: NaN | AL37: 135.14402 | AM37: 28.640854 | AN37: =AL37/(SUM(AG37:AM37)) -> 0.28545157 | AO37: =AM37/(SUM(AH37:AN37)) -> 0.060458838 | AP37: =SUM(AG37:AM37) -> 473.4394 | AQ37: =AI37*AI$57 -> 0 | AR37: =(AQ37-'0. Current system'!$L37) -> -303.12022 | AS37: =(AQ37-'2. Diesel-battery-storage'!$BK37) -> -51.911566 | AT37: =1+'2. Diesel-battery-storage'!$AG37 -> 0.14789866 | AU37: =-(AK10-'0. Current system'!$G10)*SUM(AG37:AM37)/(AQ37-'0. Current system'!$L37) -> -129.50296 | AV37: =-(AK10-'2. Diesel-battery-storage'!$BE10)*SUM(AG37:AM37)/(AS37) -> 228.63604 | AW37: =AV37*AS37/1000+'2. Diesel-battery-storage'!$BP37 -> -62.992677 | AX37: =AW37/'0. Current system'!$L37*1000 -> -207.81417 | AZ37: LCA | BA37: NaN | BB37: NaN | BC37: 0 | BD37: 207.1231 | BE37: NaN | BF37: 113.46272 | BG37: 152.85358 | BH37: =BF37/(SUM(BA37:BG37)) -> 0.23965627 | BI37: =BG37/(SUM(BB37:BH37)) -> 0.32269439 | BJ37: =SUM(BA37:BG37) -> 473.4394 | BK37: =BC37*BC$57 -> 0 | BL37: =(BK37-'0. Current system'!$L37) -> -303.12022 | BM37: =-(BK37-'2. Diesel-battery-storage'!$BK37) -> 51.911566 | BN37: =1+'2. Diesel-battery-storage'!$AG37 -> 0.14789866 | BO37: =-(BE10-'0. Current system'!$G10)*SUM(BA37:BG37)/(BK37-'0. Current system'!$L37) -> -143.79536 | BP37: =(BE10-'2. Diesel-battery-storage'!$BE10)*SUM(BA37:BG37)/(BM37) -> 145.18035 | BQ37: =BP37*BM37/1000+'2. Diesel-battery-storage'!$BP37 -> -43.587282 | BR37: =BQ37/'0. Current system'!$L37*1000 -> -143.79537
B38: MSR | C38: NaN | D38: NaN | E38: 0 | F38: 8.027444 | G38: NaN | H38: 5.170739 | I38: 3.192336 | J38: =H38/(SUM(C38:I38)) -> 0.31547134 | K38: =I38/(SUM(D38:J38)) -> 0.1910893 | L38: =SUM(C38:I38) -> 16.390519 | M38: =E38*E$57 -> 0 | N38: =(M38-'0. Current system'!$L38) -> -9.6442361 | O38: =(M38-'0. Current system'!$L38)/'0. Current system'!$L38 -> -1 | Q38: MSR | R38: NaN | S38: NaN | T38: 0 | U38: 2.581628 | V38: NaN | W38: 8.260044 | X38: 5.548848 | Y38: =W38/(SUM(R38:X38)) -> 0.50395253 | Z38: =X38/(SUM(S38:Y38)) -> 0.32844162 | AA38: =SUM(R38:X38) -> 16.39052 | AB38: =T38*T$57 -> 0 | AC38: =(AB38-'0. Current system'!$L38) -> -9.6442361 | AD38: =(AB38-'0. Current system'!$L38)/'0. Current system'!$L38 -> -1 | AF38: MSR | AG38: NaN | AH38: NaN | AI38: 0 | AJ38: 12.817953 | AK38: NaN | AL38: 3.308419 | AM38: 0.264148 | AN38: =AL38/(SUM(AG38:AM38)) -> 0.20184954 | AO38: =AM38/(SUM(AH38:AN38)) -> 0.015919848 | AP38: =SUM(AG38:AM38) -> 16.39052 | AQ38: =AI38*AI$57 -> 0 | AR38: =(AQ38-'0. Current system'!$L38) -> -9.6442361 | AS38: =(AQ38-'2. Diesel-battery-storage'!$BK38) -> -0.24447324 | AT38: =1+'2. Diesel-battery-storage'!$AG38 -> 0.025705905 | AU38: =-(AK11-'0. Current system'!$G11)*SUM(AG38:AM38)/(AQ38-'0. Current system'!$L38) -> -119.5341 | AV38: =-(AK11-'2. Diesel-battery-storage'!$BE11)*SUM(AG38:AM38)/(AS38) -> 1007.5087 | AW38: =AV38*AS38/1000+'2. Diesel-battery-storage'!$BP38 -> -1.6454329 | AX38: =AW38/'0. Current system'!$L38*1000 -> -170.61309 | AZ38: MSR | BA38: NaN | BB38: NaN | BC38: 0 | BD38: 8.027444 | BE38: NaN | BF38: 5.373931 | BG38: 2.989144 | BH38: =BF38/(SUM(BA38:BG38)) -> 0.32786826 | BI38: =BG38/(SUM(BB38:BH38)) -> 0.1787938 | BJ38: =SUM(BA38:BG38) -> 16.390519 | BK38: =BC38*BC$57 -> 0 | BL38: =(BK38-'0. Current system'!$L38) -> -9.6442361 | BM38: =-(BK38-'2. Diesel-battery-storage'!$BK38) -> 0.24447324 | BN38: =1+'2. Diesel-battery-storage'!$AG38 -> 0.025705905 | BO38: =-(BE11-'0. Current system'!$G11)*SUM(BA38:BG38)/(BK38-'0. Current system'!$L38) -> -125.18033 | BP38: =(BE11-'2. Diesel-battery-storage'!$BE11)*SUM(BA38:BG38)/(BM38) -> 784.77009 | BQ38: =BP38*BM38/1000+'2. Diesel-battery-storage'!$BP38 -> -1.2072687 | BR38: =BQ38/'0. Current system'!$L38*1000 -> -125.18033
B39: MTQ | C39: 6.183498 | D39: NaN | E39: 0 | F39: 437.91515 | G39: NaN | H39: 367.23376 | I39: 1009.7409 | J39: =H39/(SUM(C39:I39)) -> 0.20165787 | K39: =I39/(SUM(D39:J39)) -> 0.55630304 | L39: =SUM(C39:I39) -> 1821.0733 | M39: =E39*E$57 -> 0 | N39: =(M39-'0. Current system'!$L39) -> -829.94321 | O39: =(M39-'0. Current system'!$L39)/'0. Current system'!$L39 -> -1 | Q39: MTQ | R39: 9.752837 | S39: NaN | T39: 0 | U39: 75.98897 | V39: NaN | W39: 362.95447 | X39: 1372.377 | Y39: =W39/(SUM(R39:X39)) -> 0.199308 | Z39: =X39/(SUM(S39:Y39)) -> 0.75758324 | AA39: =SUM(R39:X39) -> 1821.0733 | AB39: =T39*T$57 -> 0 | AC39: =(AB39-'0. Current system'!$L39) -> -829.94321 | AD39: =(AB39-'0. Current system'!$L39)/'0. Current system'!$L39 -> -1 | AF39: MTQ | AG39: 23.148422 | AH39: NaN | AI39: 0 | AJ39: 1027.0542 | AK39: NaN | AL39: 419.26361 | AM39: 351.60707 | AN39: =AL39/(SUM(AG39:AM39)) -> 0.23022885 | AO39: =AM39/(SUM(AH39:AN39)) -> 0.19553768 | AP39: =SUM(AG39:AM39) -> 1821.0733 | AQ39: =AI39*AI$57 -> 0 | AR39: =(AQ39-'0. Current system'!$L39) -> -829.94321 | AS39: =(AQ39-'2. Diesel-battery-storage'!$BK39) -> -72.082975 | AT39: =1+'2. Diesel-battery-storage'!$AG39 -> 0.11220366 | AU39: =-(AK12-'0. Current system'!$G12)*SUM(AG39:AM39)/(AQ39-'0. Current system'!$L39) -> -172.60785 | AV39: =-(AK12-'2. Diesel-battery-storage'!$BE12)*SUM(AG39:AM39)/(AS39) -> 403.83145 | AW39: =AV39*AS39/1000+'2. Diesel-battery-storage'!$BP39 -> -201.47346 | AX39: =AW39/'0. Current system'!$L39*1000 -> -242.75572 | AZ39: MTQ | BA39: 7.335341 | BB39: NaN | BC39: 0 | BD39: 593.48454 | BE39: NaN | BF39: 382.82495 | BG39: 837.42847 | BH39: =BF39/(SUM(BA39:BG39)) -> 0.21021941 | BI39: =BG39/(SUM(BB39:BH39)) -> 0.46166064 | BJ39: =SUM(BA39:BG39) -> 1821.0733 | BK39: =BC39*BC$57 -> 0 | BL39: =(BK39-'0. Current system'!$L39) -> -829.94321 | BM39: =-(BK39-'2. Diesel-battery-storage'!$BK39) -> 72.082975 | BN39: =1+'2. Diesel-battery-storage'!$AG39 -> 0.11220366 | BO39: =-(BE12-'0. Current system'!$G12)*SUM(BA39:BG39)/(BK39-'0. Current system'!$L39) -> -192.16421 | BP39: =(BE12-'2. Diesel-battery-storage'!$BE12)*SUM(BA39:BG39)/(BM39) -> 178.66511 | BQ39: =BP39*BM39/1000+'2. Diesel-battery-storage'!$BP39 -> -159.48538 | BR39: =BQ39/'0. Current system'!$L39*1000 -> -192.16421
B40: SKN | C40: NaN | D40: NaN | E40: 0 | F40: 147.0418 | G40: NaN | H40: 95.773932 | I40: 30.367116 | J40: =H40/(SUM(C40:I40)) -> 0.35058545 | K40: =I40/(SUM(D40:J40)) -> 0.11101793 | L40: =SUM(C40:I40) -> 273.18285 | M40: =E40*E$57 -> 0 | N40: =(M40-'0. Current system'!$L40) -> -172.25003 | O40: =(M40-'0. Current system'!$L40)/'0. Current system'!$L40 -> -1 | Q40: SKN | R40: NaN | S40: NaN | T40: 0 | U40: 23.010425 | V40: NaN | W40: 165.59343 | X40: 84.578998 | Y40: =W40/(SUM(R40:X40)) -> 0.60616333 | Z40: =X40/(SUM(S40:Y40)) -> 0.30892035 | AA40: =SUM(R40:X40) -> 273.18285 | AB40: =T40*T$57 -> 0 | AC40: =(AB40-'0. Current system'!$L40) -> -172.25003 | AD40: =(AB40-'0. Current system'!$L40)/'0. Current system'!$L40 -> -1 | AF40: SKN | AG40: NaN | AH40: NaN | AI40: 0 | AJ40: 185.03438 | AK40: NaN | AL40: 78.701303 | AM40: 9.447171 | AN40: =AL40/(SUM(AG40:AM40)) -> 0.28809021 | AO40: =AM40/(SUM(AH40:AN40)) -> 0.034545429 | AP40: =SUM(AG40:AM40) -> 273.18285 | AQ40: =AI40*AI$57 -> 0 | AR40: =(AQ40-'0. Current system'!$L40) -> -172.25003 | AS40: =(AQ40-'2. Diesel-battery-storage'!$BK40) -> -13.651565 | AT40: =1+'2. Diesel-battery-storage'!$AG40 -> 0.082646568 | AU40: =-(AK13-'0. Current system'!$G13)*SUM(AG40:AM40)/(AQ40-'0. Current system'!$L40) -> -120.81312 | AV40: =-(AK13-'2. Diesel-battery-storage'!$BE13)*SUM(AG40:AM40)/(AS40) -> 450.68783 | AW40: =AV40*AS40/1000+'2. Diesel-battery-storage'!$BP40 -> -33.115252 | AX40: =AW40/'0. Current system'!$L40*1000 -> -192.25107 | AZ40: SKN | BA40: NaN | BB40: NaN | BC40: 0 | BD40: 147.0418 | BE40: NaN | BF40: 96.052555 | BG40: 30.088493 | BH40: =BF40/(SUM(BA40:BG40)) -> 0.35160536 | BI40: =BG40/(SUM(BB40:BH40)) -> 0.10999891 | BJ40: =SUM(BA40:BG40) -> 273.18285 | BK40: =BC40*BC$57 -> 0 | BL40: =(BK40-'0. Current system'!$L40) -> -172.25003 | BM40: =-(BK40-'2. Diesel-battery-storage'!$BK40) -> 13.651565 | BN40: =1+'2. Diesel-battery-storage'!$AG40 -> 0.082646568 | BO40: =-(BE13-'0. Current system'!$G13)*SUM(BA40:BG40)/(BK40-'0. Current system'!$L40) -> -126.9303 | BP40: =(BE13-'2. Diesel-battery-storage'!$BE13)*SUM(BA40:BG40)/(BM40) -> 373.50363 | BQ40: =BP40*BM40/1000+'2. Diesel-battery-storage'!$BP40 -> -21.863749 | BR40: =BQ40/'0. Current system'!$L40*1000 -> -126.9303
